{"version": {"json_export": "203", "page_segmentation": "5", "schema": "1.1.0", "structure": "1.1099.0", "table_structure": "5"}, "extended_metadata": {"ID_instance": "1E 60 CC 88 B7 BA B2 11 0A 00 67 45 8B 6B C6 23 ", "ID_permanent": "32 44 20 31 41 20 43 41 20 38 38 20 42 37 20 42 41 20 42 32 20 31 31 20 30 41 20 30 30 20 36 37 20 34 35 20 38 42 20 36 42 20 43 36 20 32 33 20 ", "has_acroform": false, "has_embedded_files": false, "is_XFA": false, "is_certified": false, "is_encrypted": false, "is_digitally_signed": false, "language": "en", "page_count": 1, "pdf_version": "1.6", "pdfa_compliance_level": "", "pdfua_compliance_level": ""}, "elements": [{"Bounds": [1077.1699981689453, 1699.5, 1439.4199981689453, 1828.5], "ObjectID": 67, "Page": 0, "Path": "//Document/Sect/Figure", "attributes": {"BBox": [1077.079999999958, 1699.509999999951, 1439.3399999999674, 1828.5], "Placement": "Block"}}, {"Bounds": [2182.6799926757812, 1431.6499938964844, 2466.1399993896484, 1771.8099975585938], "ObjectID": 68, "Page": 0, "Path": "//Document/Sect/Figure[2]", "attributes": {"BBox": [2182.5899999999674, 1431.679999999993, 2466.019999999902, 1771.859999999986], "Placement": "Block"}}, {"Bounds": [0.0, 387.88999938964844, 2607.210006713867, 1445.8200073242188], "ObjectID": 69, "Page": 0, "Path": "//Document/Sect/Figure[3]", "attributes": {"BBox": [0.0, 387.958999999988, 2548.3399999999674, 1445.8399999999674], "Placement": "Block"}}, {"Bounds": [0.0, 387.88999938964844, 2607.210006713867, 1445.8200073242188], "Font": {"alt_family_name": "Helvetica", "embedded": false, "encoding": "WinAnsiEncoding", "family_name": "Helvetica", "font_type": "Type1", "italic": false, "monospaced": false, "name": "Helvetica-Bold", "subset": false, "weight": 700}, "HasClip": false, "ObjectID": 69, "Page": 0, "Path": "//Document/Sect/Figure[3]", "Text": "Jan-Apr 2024 (12 week course) Data Analytics with Python PARTH GUPTA 24.69/25 71.81/75 97 11220 ", "TextSize": 45.0, "attributes": {"BBox": [0.0, 387.958999999988, 2548.3399999999674, 1445.8399999999674], "Placement": "Block"}}, {"Bounds": [56.69000244140625, 180.41000366210938, 967.1900024414062, 368.6600036621094], "ObjectID": 70, "Page": 0, "Path": "//Document/Sect/Figure[4]", "attributes": {"BBox": [56.63769999999931, 180.4869999999937, 967.1609999999928, 368.7589999999909], "Placement": "Block"}}, {"Bounds": [59.529998779296875, 64.19000244140625, 726.8301391601562, 110.42999267578125], "Font": {"alt_family_name": "Helvetica", "embedded": false, "encoding": "WinAnsiEncoding", "family_name": "Helvetica", "font_type": "Type1", "italic": false, "monospaced": false, "name": "Helvetica", "subset": false, "weight": 400}, "HasClip": false, "Lang": "en", "ObjectID": 71, "Page": 0, "Path": "//Document/Sect/P", "Text": "Roll No: NPTEL24CS20S957601070 ", "TextSize": 40.0, "attributes": {"LineHeight": 48, "SpaceAfter": 9}}, {"Bounds": [853.2299957275391, 64.19000244140625, 1266.710220336914, 110.42999267578125], "Font": {"alt_family_name": "Helvetica", "embedded": false, "encoding": "WinAnsiEncoding", "family_name": "Helvetica", "font_type": "Type1", "italic": false, "monospaced": false, "name": "Helvetica", "subset": false, "weight": 400}, "HasClip": true, "Lang": "en", "ObjectID": 72, "Page": 0, "Path": "//Document/Sect/P[2]", "Text": "To verify the certificate ", "TextSize": 40.0, "attributes": {"LineHeight": 48, "SpaceAfter": 18}}, {"Bounds": [1289.759994506836, 14.330001831054688, 1417.3200073242188, 141.88999938964844], "ObjectID": 73, "Page": 0, "Path": "//Document/Sect/Figure[5]", "attributes": {"BBox": [1289.7099999999627, 14.41379999999981, 1417.259999999951, 141.96899999999732], "Placement": "Block"}}, {"Bounds": [1817.009994506836, 64.19000244140625, 2455.0501556396484, 110.42999267578125], "Font": {"alt_family_name": "Helvetica", "embedded": false, "encoding": "WinAnsiEncoding", "family_name": "Helvetica", "font_type": "Type1", "italic": false, "monospaced": false, "name": "Helvetica", "subset": false, "weight": 400}, "HasClip": true, "Lang": "en", "ObjectID": 74, "Page": 0, "Path": "//Document/Sect/P[3]", "Text": "No. of credits recommended: 3 or 4 ", "TextSize": 40.0, "attributes": {"LineHeight": 48, "TextAlign": "End"}}], "pages": [{"boxes": {"CropBox": [0.0, 0.0, 2548.5, 1828.5], "MediaBox": [0.0, 0.0, 2548.5, 1828.5]}, "height": 1828.5, "is_scanned": false, "page_number": 0, "rotation": 0, "width": 2548.5}]}