{"version": {"json_export": "203", "page_segmentation": "5", "schema": "1.1.0", "structure": "1.1099.0", "table_structure": "5"}, "extended_metadata": {"ID_instance": "4B 3C B5 0F 92 BA B2 11 0A 00 67 45 8B 6B C6 23 ", "ID_permanent": "35 31 20 43 38 20 41 45 20 30 46 20 39 32 20 42 41 20 42 32 20 31 31 20 30 41 20 30 30 20 36 37 20 34 35 20 38 42 20 36 42 20 43 36 20 32 33 20 ", "has_acroform": false, "has_embedded_files": false, "is_XFA": false, "is_certified": false, "is_encrypted": false, "is_digitally_signed": false, "language": "", "page_count": 1, "pdf_version": "1.6", "pdfa_compliance_level": "", "pdfua_compliance_level": ""}, "elements": [{"Bounds": [-0.0072174072265625, 0.0, 627.5695495605469, 565.4832611083984], "ObjectID": 31, "Page": 0, "Path": "//Document/Sect/Figure", "attributes": {"BBox": [217.43099999999686, 504.48199999998906, 235.66999999999825, 522.7219999999797], "Placement": "Block"}}, {"Bounds": [-0.0072174072265625, 0.0, 627.5695495605469, 565.4832611083984], "ObjectID": 31, "Page": 0, "Path": "//Document/Sect/Figure", "attributes": {"BBox": [217.43099999999686, 504.48199999998906, 235.66999999999825, 522.7219999999797], "Placement": "Block"}}, {"Bounds": [-0.0072174072265625, 0.0, 627.5695495605469, 565.4832611083984], "ObjectID": 32, "Page": 0, "Path": "//Document/Sect/Figure[2]", "attributes": {"BBox": [263.2689999999857, 475.92399999999907, 417.5829999999987, 533.880999999994], "Placement": "Block"}}, {"Bounds": [-0.0072174072265625, 0.0, 627.5695495605469, 565.4832611083984], "Font": {"alt_family_name": "* Arial", "embedded": true, "encoding": "Identity-H", "family_name": "* Arial", "font_type": "CIDFontType0", "italic": false, "monospaced": false, "name": "*Arial-Bold-401", "subset": false, "weight": 700}, "HasClip": false, "ObjectID": 32, "Page": 0, "Path": "//Document/Sect/Figure[2]", "Rotation": 0.4755859375, "Skew": 0.4755859375, "Text": "II I 11!111Ilt l \u0141 I Contr,11ti'f I n1 I tr1 Sn 14 Ill'<' 20l4 \u0141\u0141\u0141\u0141\u0141 \u0141\u0141\u0141\u0141\u0141\u0141 ", "TextSize": 6.999755859375, "attributes": {"BBox": [263.2689999999857, 475.92399999999907, 417.5829999999987, 533.880999999994], "Placement": "Block"}}, {"Bounds": [-0.0072174072265625, 0.0, 627.5695495605469, 565.4832611083984], "ObjectID": 33, "Page": 0, "Path": "//Document/Sect/Figure[3]", "attributes": {"BBox": [439.54199999998673, 509.7619999999879, 454.0619999999908, 522.7219999999797], "Placement": "Block"}}, {"Bounds": [-0.0072174072265625, 0.0, 627.5695495605469, 565.4832611083984], "ObjectID": 33, "Page": 0, "Path": "//Document/Sect/Figure[3]", "attributes": {"BBox": [439.54199999998673, 509.7619999999879, 454.0619999999908, 522.7219999999797], "Placement": "Block"}}, {"Bounds": [361.1999969482422, 353.7061309814453, 399.67674255371094, 375.13111877441406], "ObjectID": 53, "Page": 0, "Path": "//Document/Sect/Table", "attributes": {"BBox": [333.5859999999957, 565.4399999999732, 0.0, 364.4479999999894], "Placement": "Block", "SpaceAfter": 18}}, {"Bounds": [361.1999969482422, 365.99310302734375, 399.67674255371094, 375.13111877441406], "ObjectID": 56, "Page": 0, "Path": "//Document/Sect/Table/TR/TD", "attributes": {"BBox": [333.5859999999957, 364.4479999999894, 397.42399999999907, 376.2079999999987], "BlockAlign": "Middle", "ColIndex": 0, "Height": 11.75, "InlineAlign": "Start", "RowIndex": 0, "Width": 63.875}}, {"Bounds": [361.1999969482422, 365.99310302734375, 399.67674255371094, 375.13111877441406], "Font": {"alt_family_name": "* Times New Roman", "embedded": true, "encoding": "Identity-H", "family_name": "* Times New Roman", "font_type": "CIDFontType0", "italic": false, "monospaced": false, "name": "*Times New Roman-400", "subset": false, "weight": 400}, "HasClip": false, "ObjectID": 34, "Page": 0, "Path": "//Document/Sect/Table/TR/TD/P", "Rotation": 1.27691650390625, "Skew": 1.27691650390625, "Text": "CO I 4 ", "TextSize": 9.997512817382812, "attributes": {"LineHeight": 12}}, {"Bounds": [372.24000549316406, 353.7061309814453, 390.19012451171875, 364.8972625732422], "ObjectID": 37, "Page": 0, "Path": "//Document/Sect/Table/TR[2]/TD", "attributes": {"BBox": [333.5859999999957, 355.44899999999325, 397.42399999999907, 364.4479999999894], "BlockAlign": "After", "ColIndex": 0, "Height": 9, "InlineAlign": "Start", "RowIndex": 1, "Width": 63.875}}, {"Bounds": [372.24000549316406, 353.7061309814453, 390.19012451171875, 364.8972625732422], "Font": {"alt_family_name": "* Times New Roman", "embedded": true, "encoding": "Identity-H", "family_name": "* Times New Roman", "font_type": "CIDFontType0", "italic": false, "monospaced": false, "name": "*Times New Roman-400", "subset": false, "weight": 400}, "HasClip": false, "ObjectID": 35, "Page": 0, "Path": "//Document/Sect/Table/TR[2]/TD/P", "Rotation": 358.0748291015625, "Skew": -1.9251708984375, "Text": "l K.o ", "TextSize": 9.994354248046875, "attributes": {"LineHeight": 12}}], "pages": [{"boxes": {"CropBox": [0.0, 0.0, 627.3599853515625, 565.4400024414062], "MediaBox": [0.0, 0.0, 627.3599853515625, 565.4400024414062]}, "height": 565.4400024414062, "is_scanned": true, "page_number": 0, "rotation": 0, "width": 627.3599853515625}]}