{"version": {"json_export": "203", "page_segmentation": "5", "schema": "1.1.0", "structure": "1.1099.0", "table_structure": "5"}, "extended_metadata": {"ID_instance": "93 E7 95 B2 91 BA B2 11 0A 00 67 45 8B 6B C6 23 ", "ID_permanent": "37 30 20 38 46 20 39 32 20 42 32 20 39 31 20 42 41 20 42 32 20 31 31 20 30 41 20 30 30 20 36 37 20 34 35 20 38 42 20 36 42 20 43 36 20 32 33 20 ", "has_acroform": false, "has_embedded_files": false, "is_XFA": false, "is_certified": false, "is_encrypted": false, "is_digitally_signed": false, "language": "en", "page_count": 2, "pdf_version": "1.6", "pdfa_compliance_level": "", "pdfua_compliance_level": ""}, "elements": [{"Bounds": [45.75, 714.75, 108.0, 772.5], "ObjectID": 565, "Page": 0, "Path": "//Document/Sect/Figure", "attributes": {"BBox": [45.71809999999823, 714.7229999999981, 107.99599999999919, 772.560999999987], "Placement": "Block"}}, {"Bounds": [134.17999267578125, 752.0953216552734, 200.2531280517578, 769.0382385253906], "Font": {"alt_family_name": "Georgia", "embedded": true, "encoding": "WinAnsiEncoding", "family_name": "Georgia", "font_type": "TrueType", "italic": false, "monospaced": false, "name": "BCDFEE+Georgia-Bold", "subset": true, "weight": 700}, "HasClip": true, "ObjectID": 566, "Page": 0, "Path": "//Document/Sect[2]/H1/Sub", "Text": "Rishita Sharma UG II year ", "TextSize": 8.039993286132812, "attributes": {"Placement": "Block"}}, {"Bounds": [134.17999267578125, 742.9753265380859, 200.29286193847656, 750.7982330322266], "Font": {"alt_family_name": "Georgia", "embedded": true, "encoding": "WinAnsiEncoding", "family_name": "Georgia", "font_type": "TrueType", "italic": false, "monospaced": false, "name": "BCDFEE+Georgia-Bold", "subset": true, "weight": 700}, "HasClip": true, "ObjectID": 567, "Page": 0, "Path": "//Document/Sect[2]/H1/Sub[2]/Sub", "Text": "SGSITS, Indore ", "TextSize": 8.039993286132812, "attributes": {"Placement": "Block"}}, {"Bounds": [134.17999267578125, 733.8553161621094, 242.63833618164062, 741.6782379150391], "Font": {"alt_family_name": "Georgia", "embedded": true, "encoding": "WinAnsiEncoding", "family_name": "Georgia", "font_type": "TrueType", "italic": false, "monospaced": false, "name": "BCDFEE+Georgia-Bold", "subset": true, "weight": 700}, "HasClip": true, "ObjectID": 568, "Page": 0, "Path": "//Document/Sect[2]/H1/Sub[2]/Sub[2]", "Text": "Date of Birth:04/05/2004 ", "TextSize": 8.039993286132812, "attributes": {"Placement": "Block"}}, {"Bounds": [134.17999267578125, 724.8553161621094, 310.2207489013672, 732.6782379150391], "Font": {"alt_family_name": "Georgia", "embedded": true, "encoding": "WinAnsiEncoding", "family_name": "Georgia", "font_type": "TrueType", "italic": false, "monospaced": false, "name": "BCDFEE+Georgia-Bold", "subset": true, "weight": 700}, "HasClip": true, "ObjectID": 569, "Page": 0, "Path": "//Document/Sect[2]/H1/Sub[2]/Sub[3]", "Text": "Email ID : rishita9949sharma@gmail.com ", "TextSize": 8.039993286132812, "attributes": {"Placement": "Block"}}, {"Bounds": [400.6300048828125, 761.2153167724609, 528.9210510253906, 769.0382385253906], "Font": {"alt_family_name": "Georgia", "embedded": true, "encoding": "WinAnsiEncoding", "family_name": "Georgia", "font_type": "TrueType", "italic": false, "monospaced": false, "name": "BCDFEE+Georgia-Bold", "subset": true, "weight": 700}, "HasClip": true, "Lang": "en", "ObjectID": 570, "Page": 0, "Path": "//Document/Sect[2]/P", "Text": "Enrollment No: 0801CS221120 ", "TextSize": 8.039993286132812}, {"Bounds": [400.6300048828125, 742.9753265380859, 551.8103942871094, 759.9182434082031], "Font": {"alt_family_name": "Georgia", "embedded": true, "encoding": "WinAnsiEncoding", "family_name": "Georgia", "font_type": "TrueType", "italic": false, "monospaced": false, "name": "BCDFEE+Georgia-Bold", "subset": true, "weight": 700}, "HasClip": true, "Lang": "en", "ObjectID": 571, "Page": 0, "Path": "//Document/Sect[2]/P[2]", "Text": "Department :Computer Engineering Gender : Female ", "TextSize": 8.039993286132812}, {"Bounds": [400.6300048828125, 733.8553161621094, 487.6147918701172, 741.6782379150391], "Font": {"alt_family_name": "Georgia", "embedded": true, "encoding": "WinAnsiEncoding", "family_name": "Georgia", "font_type": "TrueType", "italic": false, "monospaced": false, "name": "BCDFEE+Georgia-Bold", "subset": true, "weight": 700}, "HasClip": true, "ObjectID": 572, "Page": 0, "Path": "//Document/Sect[2]/P[3]/Sub", "Text": "Specialization: None ", "TextSize": 8.039993286132812, "attributes": {"Placement": "Block"}}, {"Bounds": [400.6300048828125, 724.8553161621094, 504.9920196533203, 732.6782379150391], "Font": {"alt_family_name": "Georgia", "embedded": true, "encoding": "WinAnsiEncoding", "family_name": "Georgia", "font_type": "TrueType", "italic": false, "monospaced": false, "name": "BCDFEE+Georgia-Bold", "subset": true, "weight": 700}, "HasClip": true, "ObjectID": 573, "Page": 0, "Path": "//Document/Sect[2]/P[3]/Sub[2]", "Text": "Mobile : +91 9617541456 ", "TextSize": 8.039993286132812, "attributes": {"Placement": "Block"}}, {"Bounds": [72.02400207519531, 596.0753173828125, 510.7309875488281, 698.0982360839844], "ObjectID": 704, "Page": 0, "Path": "//Document/Sect[2]/Table", "attributes": {"BBox": [67.3172999999988, 614.2869999999821, 451.30199999999604, 710.1629999999714], "NumCol": 5, "NumRow": 5, "Placement": "Block", "SpaceAfter": 18}}, {"Bounds": [72.02400207519531, 690.2753143310547, 145.2200927734375, 698.0982360839844], "ObjectID": 778, "Page": 0, "Path": "//Document/Sect[2]/Table/TR/TD", "attributes": {"BBox": [65.87729999999647, 688.2039999999979, 545.6179999999877, 710.1629999999714], "BackgroundColor": [1, 1, 1], "BlockAlign": "After", "BorderColor": [[0, 0, 0], [0, 0, 0], null, null], "BorderStyle": ["Double", "Double", "None", "None"], "BorderThickness": [0.875, 0.375, 0, 0], "ColIndex": 0, "ColSpan": 5, "Height": 22, "InlineAlign": "Start", "RowIndex": 0, "Width": 479.75}}, {"Bounds": [72.02400207519531, 690.2753143310547, 145.2200927734375, 698.0982360839844], "Font": {"alt_family_name": "Georgia", "embedded": true, "encoding": "WinAnsiEncoding", "family_name": "Georgia", "font_type": "TrueType", "italic": false, "monospaced": false, "name": "BCDFEE+Georgia-Bold", "subset": true, "weight": 700}, "HasClip": true, "Lang": "en", "ObjectID": 574, "Page": 0, "Path": "//Document/Sect[2]/Table/TR/TD/P", "Text": "Academic Details ", "TextSize": 8.039993286132812, "attributes": {"LineHeight": 9.625}}, {"Bounds": [72.02400207519531, 670.2353210449219, 117.38571166992188, 687.1782379150391], "ObjectID": 754, "Page": 0, "Path": "//Document/Sect[2]/Table/TR[2]/TH", "attributes": {"BBox": [67.3172999999988, 669.8449999999721, 140.75399999999354, 688.5639999999839], "BackgroundColor": [1, 1, 1], "BlockAlign": "Middle", "ColIndex": 0, "Height": 18.75, "InlineAlign": "Start", "RowIndex": 1, "Width": 73.375}}, {"Bounds": [72.02400207519531, 679.3553161621094, 109.05622863769531, 687.1782379150391], "Font": {"alt_family_name": "Georgia", "embedded": true, "encoding": "WinAnsiEncoding", "family_name": "Georgia", "font_type": "TrueType", "italic": false, "monospaced": false, "name": "BCDFEE+Georgia-Bold", "subset": true, "weight": 700}, "HasClip": true, "ObjectID": 575, "Page": 0, "Path": "//Document/Sect[2]/Table/TR[2]/TH/P/Sub", "Text": "Degree / ", "TextSize": 8.039993286132812, "attributes": {"Placement": "Block"}}, {"Bounds": [72.02400207519531, 670.2353210449219, 117.38571166992188, 678.0582427978516], "Font": {"alt_family_name": "Georgia", "embedded": true, "encoding": "WinAnsiEncoding", "family_name": "Georgia", "font_type": "TrueType", "italic": false, "monospaced": false, "name": "BCDFEE+Georgia-Bold", "subset": true, "weight": 700}, "HasClip": true, "ObjectID": 576, "Page": 0, "Path": "//Document/Sect[2]/Table/TR[2]/TH/P/Sub[2]", "Text": "Certificate ", "TextSize": 8.039993286132812, "attributes": {"Placement": "Block"}}, {"Bounds": [162.5, 670.2353210449219, 213.3670196533203, 687.1782379150391], "ObjectID": 755, "Page": 0, "Path": "//Document/Sect[2]/Table/TR[2]/TH[2]", "attributes": {"BBox": [140.75399999999354, 669.8449999999721, 238.66999999999825, 688.5639999999839], "BackgroundColor": [1, 1, 1], "BlockAlign": "Middle", "ColIndex": 1, "Height": 18.75, "InlineAlign": "Start", "RowIndex": 1, "Width": 97.875}}, {"Bounds": [162.5, 679.3553161621094, 213.3670196533203, 687.1782379150391], "Font": {"alt_family_name": "Georgia", "embedded": true, "encoding": "WinAnsiEncoding", "family_name": "Georgia", "font_type": "TrueType", "italic": false, "monospaced": false, "name": "BCDFEE+Georgia-Bold", "subset": true, "weight": 700}, "HasClip": true, "ObjectID": 577, "Page": 0, "Path": "//Document/Sect[2]/Table/TR[2]/TH[2]/P/Sub", "Text": "University / ", "TextSize": 8.039993286132812, "attributes": {"Placement": "Block"}}, {"Bounds": [162.5, 670.2353210449219, 189.99676513671875, 678.0582427978516], "Font": {"alt_family_name": "Georgia", "embedded": true, "encoding": "WinAnsiEncoding", "family_name": "Georgia", "font_type": "TrueType", "italic": false, "monospaced": false, "name": "BCDFEE+Georgia-Bold", "subset": true, "weight": 700}, "HasClip": true, "ObjectID": 578, "Page": 0, "Path": "//Document/Sect[2]/Table/TR[2]/TH[2]/P/Sub[2]", "Text": "Board ", "TextSize": 8.039993286132812, "attributes": {"Placement": "Block"}}, {"Bounds": [247.61000061035156, 674.7953186035156, 320.92333984375, 682.6182403564453], "ObjectID": 756, "Page": 0, "Path": "//Document/Sect[2]/Table/TR[2]/TH[3]", "attributes": {"BBox": [238.66999999999825, 669.8449999999721, 371.2649999999994, 688.5639999999839], "BackgroundColor": [1, 1, 1], "BlockAlign": "Middle", "ColIndex": 2, "Height": 18.75, "InlineAlign": "Start", "RowIndex": 1, "Width": 132.625}}, {"Bounds": [247.61000061035156, 674.7953186035156, 320.92333984375, 682.6182403564453], "Font": {"alt_family_name": "Georgia", "embedded": true, "encoding": "WinAnsiEncoding", "family_name": "Georgia", "font_type": "TrueType", "italic": false, "monospaced": false, "name": "BCDFEE+Georgia-Bold", "subset": true, "weight": 700}, "HasClip": true, "Lang": "en", "ObjectID": 579, "Page": 0, "Path": "//Document/Sect[2]/Table/TR[2]/TH[3]/P", "Text": "Institute / School ", "TextSize": 8.039993286132812, "attributes": {"LineHeight": 9.625}}, {"Bounds": [377.4700012207031, 674.7953186035156, 442.8081512451172, 682.6182403564453], "ObjectID": 757, "Page": 0, "Path": "//Document/Sect[2]/Table/TR[2]/TH[4]", "attributes": {"BBox": [371.2649999999994, 669.8449999999721, 451.30199999999604, 688.5639999999839], "BackgroundColor": [1, 1, 1], "BlockAlign": "Middle", "ColIndex": 3, "Height": 18.75, "InlineAlign": "Start", "RowIndex": 1, "Width": 80}}, {"Bounds": [377.4700012207031, 674.7953186035156, 442.8081512451172, 682.6182403564453], "Font": {"alt_family_name": "Georgia", "embedded": true, "encoding": "WinAnsiEncoding", "family_name": "Georgia", "font_type": "TrueType", "italic": false, "monospaced": false, "name": "BCDFEE+Georgia-Bold", "subset": true, "weight": 700}, "HasClip": true, "Lang": "en", "ObjectID": 580, "Page": 0, "Path": "//Document/Sect[2]/Table/TR[2]/TH[4]/P", "Text": "Year of Passing ", "TextSize": 8.039993286132812, "attributes": {"LineHeight": 9.625}}, {"Bounds": [462.6999969482422, 670.2353210449219, 510.7309875488281, 687.1782379150391], "ObjectID": 758, "Page": 0, "Path": "//Document/Sect[2]/Table/TR[2]/TH[5]", "attributes": {"BBox": [451.30199999999604, 669.8449999999721, 545.6179999999877, 688.5639999999839], "BackgroundColor": [1, 1, 1], "BlockAlign": "Middle", "ColIndex": 4, "Height": 18.75, "InlineAlign": "Start", "RowIndex": 1, "Width": 94.375}}, {"Bounds": [462.6999969482422, 679.3553161621094, 494.45701599121094, 687.1782379150391], "Font": {"alt_family_name": "Georgia", "embedded": true, "encoding": "WinAnsiEncoding", "family_name": "Georgia", "font_type": "TrueType", "italic": false, "monospaced": false, "name": "BCDFEE+Georgia-Bold", "subset": true, "weight": 700}, "HasClip": true, "Lang": "en", "ObjectID": 581, "Page": 0, "Path": "//Document/Sect[2]/Table/TR[2]/TH[5]/P", "Text": "CGPA / ", "TextSize": 8.039993286132812, "attributes": {"LineHeight": 9.625}}, {"Bounds": [462.6999969482422, 670.2353210449219, 510.7309875488281, 678.0582427978516], "Font": {"alt_family_name": "Georgia", "embedded": true, "encoding": "WinAnsiEncoding", "family_name": "Georgia", "font_type": "TrueType", "italic": false, "monospaced": false, "name": "BCDFEE+Georgia-Bold", "subset": true, "weight": 700}, "HasClip": true, "Lang": "en", "ObjectID": 582, "Page": 0, "Path": "//Document/Sect[2]/Table/TR[2]/TH[5]/P[2]", "Text": "Percentage ", "TextSize": 8.039993286132812, "attributes": {"LineHeight": 9.625}}, {"Bounds": [72.02400207519531, 647.0753173828125, 121.71923828125, 654.8982391357422], "ObjectID": 734, "Page": 0, "Path": "//Document/Sect[2]/Table/TR[3]/TH", "attributes": {"BBox": [67.3172999999988, 633.005999999994, 140.75399999999354, 669.8449999999721], "BackgroundColor": [1, 1, 1], "BlockAlign": "Middle", "ColIndex": 0, "Height": 36.875, "InlineAlign": "Start", "RowIndex": 2, "Width": 73.375}}, {"Bounds": [72.02400207519531, 647.0753173828125, 121.71923828125, 654.8982391357422], "Font": {"alt_family_name": "Georgia", "embedded": true, "encoding": "WinAnsiEncoding", "family_name": "Georgia", "font_type": "TrueType", "italic": false, "monospaced": false, "name": "BCDFEE+Georgia-Bold", "subset": true, "weight": 700}, "HasClip": true, "Lang": "en", "ObjectID": 583, "Page": 0, "Path": "//Document/Sect[2]/Table/TR[3]/TH/P", "Text": "Graduation ", "TextSize": 8.039993286132812, "attributes": {"LineHeight": 9.625}}, {"Bounds": [162.5, 637.955322265625, 232.09425354003906, 663.8982391357422], "ObjectID": 735, "Page": 0, "Path": "//Document/Sect[2]/Table/TR[3]/TD", "attributes": {"BBox": [140.75399999999354, 633.005999999994, 238.66999999999825, 669.8449999999721], "BackgroundColor": [1, 1, 1], "BlockAlign": "Middle", "ColIndex": 1, "Height": 36.875, "InlineAlign": "Start", "RowIndex": 2, "Width": 97.875}}, {"Bounds": [162.5, 637.955322265625, 232.09425354003906, 663.8982391357422], "Font": {"alt_family_name": "Georgia", "embedded": true, "encoding": "WinAnsiEncoding", "family_name": "Georgia", "font_type": "TrueType", "italic": false, "monospaced": false, "name": "BCDEEE+Georgia", "subset": true, "weight": 400}, "HasClip": true, "Lang": "en", "ObjectID": 584, "Page": 0, "Path": "//Document/Sect[2]/Table/TR[3]/TD/P", "Text": "RAJIV GANDHI PROUDYOGIKI VISHWAVIDYALA ", "TextSize": 8.039993286132812, "attributes": {"LineHeight": 9}}, {"Bounds": [247.61000061035156, 633.3953247070312, 363.13677978515625, 668.4582366943359], "ObjectID": 736, "Page": 0, "Path": "//Document/Sect[2]/Table/TR[3]/TD[2]", "attributes": {"BBox": [238.66999999999825, 633.005999999994, 371.2649999999994, 669.8449999999721], "BackgroundColor": [1, 1, 1], "BlockAlign": "Before", "ColIndex": 2, "Height": 36.875, "InlineAlign": "Start", "RowIndex": 2, "Width": 132.625}}, {"Bounds": [247.61000061035156, 633.3953247070312, 363.13677978515625, 668.4582366943359], "Font": {"alt_family_name": "Georgia", "embedded": true, "encoding": "WinAnsiEncoding", "family_name": "Georgia", "font_type": "TrueType", "italic": false, "monospaced": false, "name": "BCDEEE+Georgia", "subset": true, "weight": 400}, "HasClip": true, "Lang": "en", "ObjectID": 585, "Page": 0, "Path": "//Document/Sect[2]/Table/TR[3]/TD[2]/P", "Text": "SHRI GOVINDRAM SEKSARIA INSTITUTE OF TECHNOLOGY AND SCIENCE (SGSITS), INDORE,(M.P.) ", "TextSize": 8.039993286132812, "attributes": {"LineHeight": 9.125}}, {"Bounds": [377.4700012207031, 647.0753173828125, 397.7549743652344, 654.8982391357422], "ObjectID": 737, "Page": 0, "Path": "//Document/Sect[2]/Table/TR[3]/TD[3]", "attributes": {"BBox": [371.2649999999994, 633.005999999994, 451.30199999999604, 669.8449999999721], "BackgroundColor": [1, 1, 1], "BlockAlign": "Middle", "ColIndex": 3, "Height": 36.875, "InlineAlign": "Start", "RowIndex": 2, "Width": 80}}, {"Bounds": [377.4700012207031, 647.0753173828125, 397.7549743652344, 654.8982391357422], "Font": {"alt_family_name": "Georgia", "embedded": true, "encoding": "WinAnsiEncoding", "family_name": "Georgia", "font_type": "TrueType", "italic": false, "monospaced": false, "name": "BCDEEE+Georgia", "subset": true, "weight": 400}, "HasClip": true, "Lang": "en", "ObjectID": 586, "Page": 0, "Path": "//Document/Sect[2]/Table/TR[3]/TD[3]/P", "Text": "2026 ", "TextSize": 8.039993286132812, "attributes": {"LineHeight": 9.625}}, {"Bounds": [462.6999969482422, 647.0753173828125, 480.7336883544922, 654.8982391357422], "ObjectID": 738, "Page": 0, "Path": "//Document/Sect[2]/Table/TR[3]/TD[4]", "attributes": {"BBox": [451.30199999999604, 633.005999999994, 545.6179999999877, 669.8449999999721], "BackgroundColor": [1, 1, 1], "BlockAlign": "Middle", "ColIndex": 4, "Height": 36.875, "InlineAlign": "Start", "RowIndex": 2, "Width": 94.375}}, {"Bounds": [462.6999969482422, 647.0753173828125, 480.7336883544922, 654.8982391357422], "Font": {"alt_family_name": "Georgia", "embedded": true, "encoding": "WinAnsiEncoding", "family_name": "Georgia", "font_type": "TrueType", "italic": false, "monospaced": false, "name": "BCDEEE+Georgia", "subset": true, "weight": 400}, "HasClip": true, "Lang": "en", "ObjectID": 587, "Page": 0, "Path": "//Document/Sect[2]/Table/TR[3]/TD[4]/P", "Text": "8.50 ", "TextSize": 8.039993286132812, "attributes": {"LineHeight": 9.625}}, {"Bounds": [72.02400207519531, 619.2353210449219, 87.48880004882812, 627.0582427978516], "ObjectID": 714, "Page": 0, "Path": "//Document/Sect[2]/Table/TR[4]/TH", "attributes": {"BBox": [67.3172999999988, 614.2869999999821, 140.75399999999354, 633.005999999994], "BackgroundColor": [1, 1, 1], "BlockAlign": "Middle", "ColIndex": 0, "Height": 18.75, "InlineAlign": "Start", "RowIndex": 3, "Width": 73.375}}, {"Bounds": [72.02400207519531, 619.2353210449219, 87.48880004882812, 627.0582427978516], "Font": {"alt_family_name": "Georgia", "embedded": true, "encoding": "WinAnsiEncoding", "family_name": "Georgia", "font_type": "TrueType", "italic": false, "monospaced": false, "name": "BCDFEE+Georgia-Bold", "subset": true, "weight": 700}, "HasClip": true, "Lang": "en", "ObjectID": 588, "Page": 0, "Path": "//Document/Sect[2]/Table/TR[4]/TH/P", "Text": "12th ", "TextSize": 5.0399932861328125, "attributes": {"LineHeight": 9.625}}, {"Bounds": [162.5, 619.2353210449219, 184.5697784423828, 627.0582427978516], "ObjectID": 715, "Page": 0, "Path": "//Document/Sect[2]/Table/TR[4]/TD", "attributes": {"BBox": [140.75399999999354, 614.2869999999821, 238.66999999999825, 633.005999999994], "BackgroundColor": [1, 1, 1], "BlockAlign": "Middle", "ColIndex": 1, "Height": 18.75, "InlineAlign": "Start", "RowIndex": 3, "Width": 97.875}}, {"Bounds": [162.5, 619.2353210449219, 184.5697784423828, 627.0582427978516], "Font": {"alt_family_name": "Georgia", "embedded": true, "encoding": "WinAnsiEncoding", "family_name": "Georgia", "font_type": "TrueType", "italic": false, "monospaced": false, "name": "BCDEEE+Georgia", "subset": true, "weight": 400}, "HasClip": true, "Lang": "en", "ObjectID": 590, "Page": 0, "Path": "//Document/Sect[2]/Table/TR[4]/TD/P", "Text": "CBSE ", "TextSize": 8.039993286132812, "attributes": {"LineHeight": 9.625}}, {"Bounds": [247.61000061035156, 614.6753234863281, 367.9607391357422, 631.6182403564453], "ObjectID": 716, "Page": 0, "Path": "//Document/Sect[2]/Table/TR[4]/TD[2]", "attributes": {"BBox": [238.66999999999825, 614.2869999999821, 371.2649999999994, 633.005999999994], "BackgroundColor": [1, 1, 1], "BlockAlign": "Middle", "ColIndex": 2, "Height": 18.75, "InlineAlign": "Start", "RowIndex": 3, "Width": 132.625}}, {"Bounds": [247.61000061035156, 614.6753234863281, 367.9607391357422, 631.6182403564453], "Font": {"alt_family_name": "Georgia", "embedded": true, "encoding": "WinAnsiEncoding", "family_name": "Georgia", "font_type": "TrueType", "italic": false, "monospaced": false, "name": "BCDEEE+Georgia", "subset": true, "weight": 400}, "HasClip": true, "Lang": "en", "ObjectID": 591, "Page": 0, "Path": "//Document/Sect[2]/Table/TR[4]/TD[2]/P", "Text": "SRI SATHYA SAI VIDYA VIHAR, INDORE(M.P.) ", "TextSize": 8.039993286132812, "attributes": {"LineHeight": 9.125}}, {"Bounds": [377.4700012207031, 619.2353210449219, 397.69866943359375, 627.0582427978516], "ObjectID": 717, "Page": 0, "Path": "//Document/Sect[2]/Table/TR[4]/TD[3]", "attributes": {"BBox": [371.2649999999994, 614.2869999999821, 451.30199999999604, 633.005999999994], "BackgroundColor": [1, 1, 1], "BlockAlign": "Middle", "ColIndex": 3, "Height": 18.75, "InlineAlign": "Start", "RowIndex": 3, "Width": 80}}, {"Bounds": [377.4700012207031, 619.2353210449219, 397.69866943359375, 627.0582427978516], "Font": {"alt_family_name": "Georgia", "embedded": true, "encoding": "WinAnsiEncoding", "family_name": "Georgia", "font_type": "TrueType", "italic": false, "monospaced": false, "name": "BCDEEE+Georgia", "subset": true, "weight": 400}, "HasClip": true, "Lang": "en", "ObjectID": 592, "Page": 0, "Path": "//Document/Sect[2]/Table/TR[4]/TD[3]/P", "Text": "2022 ", "TextSize": 8.039993286132812, "attributes": {"LineHeight": 9.625}}, {"Bounds": [462.6999969482422, 619.2353210449219, 487.0463104248047, 627.0582427978516], "ObjectID": 718, "Page": 0, "Path": "//Document/Sect[2]/Table/TR[4]/TD[4]", "attributes": {"BBox": [451.30199999999604, 614.2869999999821, 545.6179999999877, 633.005999999994], "BackgroundColor": [1, 1, 1], "BlockAlign": "Middle", "ColIndex": 4, "Height": 18.75, "InlineAlign": "Start", "RowIndex": 3, "Width": 94.375}}, {"Bounds": [462.6999969482422, 619.2353210449219, 487.0463104248047, 627.0582427978516], "Font": {"alt_family_name": "Georgia", "embedded": true, "encoding": "WinAnsiEncoding", "family_name": "Georgia", "font_type": "TrueType", "italic": false, "monospaced": false, "name": "BCDEEE+Georgia", "subset": true, "weight": 400}, "HasClip": true, "Lang": "en", "ObjectID": 593, "Page": 0, "Path": "//Document/Sect[2]/Table/TR[4]/TD[4]/P", "Text": "94.4% ", "TextSize": 8.039993286132812, "attributes": {"LineHeight": 9.625}}, {"Bounds": [72.02400207519531, 600.6353149414062, 88.08880615234375, 608.4582366943359], "ObjectID": 785, "Page": 0, "Path": "//Document/Sect[2]/Table/TR[5]/TH", "attributes": {"BBox": [67.3172999999988, 595.2079999999842, 140.75399999999354, 614.2869999999821], "BackgroundColor": [1, 1, 1], "BlockAlign": "Middle", "ColIndex": 0, "Height": 19.125, "InlineAlign": "Start", "RowIndex": 4, "Width": 73.375}}, {"Bounds": [72.02400207519531, 600.6353149414062, 88.08880615234375, 608.4582366943359], "Font": {"alt_family_name": "Georgia", "embedded": true, "encoding": "WinAnsiEncoding", "family_name": "Georgia", "font_type": "TrueType", "italic": false, "monospaced": false, "name": "BCDFEE+Georgia-Bold", "subset": true, "weight": 700}, "HasClip": true, "Lang": "en", "ObjectID": 594, "Page": 0, "Path": "//Document/Sect[2]/Table/TR[5]/TH/P", "Text": "10th ", "TextSize": 5.0399932861328125, "attributes": {"LineHeight": 9.625}}, {"Bounds": [162.5, 600.6353149414062, 184.56773376464844, 608.4582366943359], "ObjectID": 786, "Page": 0, "Path": "//Document/Sect[2]/Table/TR[5]/TD", "attributes": {"BBox": [140.75399999999354, 595.2079999999842, 238.66999999999825, 614.2869999999821], "BackgroundColor": [1, 1, 1], "BlockAlign": "Middle", "ColIndex": 1, "Height": 19.125, "InlineAlign": "Start", "RowIndex": 4, "Width": 97.875}}, {"Bounds": [162.5, 600.6353149414062, 184.56773376464844, 608.4582366943359], "Font": {"alt_family_name": "Georgia", "embedded": true, "encoding": "WinAnsiEncoding", "family_name": "Georgia", "font_type": "TrueType", "italic": false, "monospaced": false, "name": "BCDEEE+Georgia", "subset": true, "weight": 400}, "HasClip": true, "Lang": "en", "ObjectID": 596, "Page": 0, "Path": "//Document/Sect[2]/Table/TR[5]/TD/P", "Text": "CBSE ", "TextSize": 8.039993286132812, "attributes": {"LineHeight": 9.625}}, {"Bounds": [247.61000061035156, 596.0753173828125, 341.4609375, 612.8982391357422], "ObjectID": 787, "Page": 0, "Path": "//Document/Sect[2]/Table/TR[5]/TD[2]", "attributes": {"BBox": [238.66999999999825, 595.2079999999842, 371.2649999999994, 614.2869999999821], "BackgroundColor": [1, 1, 1], "BlockAlign": "Middle", "ColIndex": 2, "Height": 19.125, "InlineAlign": "Start", "RowIndex": 4, "Width": 132.625}}, {"Bounds": [247.61000061035156, 605.0753173828125, 307.5241241455078, 612.8982391357422], "Font": {"alt_family_name": "Georgia", "embedded": true, "encoding": "WinAnsiEncoding", "family_name": "Georgia", "font_type": "TrueType", "italic": false, "monospaced": false, "name": "BCDEEE+Georgia", "subset": true, "weight": 400}, "HasClip": true, "ObjectID": 597, "Page": 0, "Path": "//Document/Sect[2]/Table/TR[5]/TD[2]/P/Sub", "Text": "INDUS WORLD ", "TextSize": 8.039993286132812, "attributes": {"Placement": "Block"}}, {"Bounds": [247.61000061035156, 596.0753173828125, 341.4609375, 603.8982391357422], "Font": {"alt_family_name": "Georgia", "embedded": true, "encoding": "WinAnsiEncoding", "family_name": "Georgia", "font_type": "TrueType", "italic": false, "monospaced": false, "name": "BCDEEE+Georgia", "subset": true, "weight": 400}, "HasClip": true, "ObjectID": 598, "Page": 0, "Path": "//Document/Sect[2]/Table/TR[5]/TD[2]/P/Sub[2]", "Text": "SCHOOL,INDORE,(M.P.) ", "TextSize": 8.039993286132812, "attributes": {"Placement": "Block"}}, {"Bounds": [377.4700012207031, 600.6353149414062, 398.14080810546875, 608.4582366943359], "ObjectID": 788, "Page": 0, "Path": "//Document/Sect[2]/Table/TR[5]/TD[3]", "attributes": {"BBox": [371.2649999999994, 595.2079999999842, 451.30199999999604, 614.2869999999821], "BackgroundColor": [1, 1, 1], "BlockAlign": "Middle", "ColIndex": 3, "Height": 19.125, "InlineAlign": "Start", "RowIndex": 4, "Width": 80}}, {"Bounds": [377.4700012207031, 600.6353149414062, 398.14080810546875, 608.4582366943359], "Font": {"alt_family_name": "Georgia", "embedded": true, "encoding": "WinAnsiEncoding", "family_name": "Georgia", "font_type": "TrueType", "italic": false, "monospaced": false, "name": "BCDEEE+Georgia", "subset": true, "weight": 400}, "HasClip": true, "Lang": "en", "ObjectID": 599, "Page": 0, "Path": "//Document/Sect[2]/Table/TR[5]/TD[3]/P", "Text": "2020 ", "TextSize": 8.039993286132812, "attributes": {"LineHeight": 9.625}}, {"Bounds": [462.6999969482422, 600.6353149414062, 486.8039093017578, 608.4582366943359], "ObjectID": 702, "Page": 0, "Path": "//Document/Sect[2]/Table/TR[5]/TD[4]", "attributes": {"BBox": [451.30199999999604, 595.2079999999842, 545.6179999999877, 614.2869999999821], "BackgroundColor": [1, 1, 1], "BlockAlign": "Middle", "ColIndex": 4, "Height": 19.125, "InlineAlign": "Start", "RowIndex": 4, "Width": 94.375}}, {"Bounds": [462.6999969482422, 600.6353149414062, 486.8039093017578, 608.4582366943359], "Font": {"alt_family_name": "Georgia", "embedded": true, "encoding": "WinAnsiEncoding", "family_name": "Georgia", "font_type": "TrueType", "italic": false, "monospaced": false, "name": "BCDEEE+Georgia", "subset": true, "weight": 400}, "HasClip": true, "Lang": "en", "ObjectID": 600, "Page": 0, "Path": "//Document/Sect[2]/Table/TR[5]/TD[4]/P", "Text": "92.2% ", "TextSize": 8.039993286132812, "attributes": {"LineHeight": 9.625}}, {"Bounds": [72.02400207519531, 575.9153137207031, 175.80430603027344, 583.7382354736328], "Font": {"alt_family_name": "Georgia", "embedded": true, "encoding": "WinAnsiEncoding", "family_name": "Georgia", "font_type": "TrueType", "italic": false, "monospaced": false, "name": "BCDFEE+Georgia-Bold", "subset": true, "weight": 700}, "HasClip": true, "Lang": "en", "ObjectID": 601, "Page": 0, "Path": "//Document/Sect[3]/H1", "Text": "Scholastic Achievements ", "TextSize": 8.039993286132812}, {"Bounds": [90.02400207519531, 554.4272766113281, 95.73240661621094, 563.3999176025391], "Font": {"alt_family_name": "Symbol", "embedded": true, "encoding": "Identity-H", "family_name": "Symbol MT", "font_type": "CIDFontType2", "italic": false, "monospaced": false, "name": "SymbolMT", "subset": false, "weight": 400}, "HasClip": true, "ObjectID": 602, "Page": 0, "Path": "//Document/Sect[3]/L/LI/Lbl", "Text": "\u2022 ", "TextSize": 8.039993286132812}, {"Bounds": [108.86000061035156, 554.6753234863281, 299.0013122558594, 562.4982452392578], "Font": {"alt_family_name": "Georgia", "embedded": true, "encoding": "WinAnsiEncoding", "family_name": "Georgia", "font_type": "TrueType", "italic": false, "monospaced": false, "name": "BCDFEE+Georgia-Bold", "subset": true, "weight": 700}, "HasClip": true, "ObjectID": 603, "Page": 0, "Path": "//Document/Sect[3]/L/LI/LBody", "Text": "Secured an All India rank 30684 in J.E.E Mains ", "TextSize": 8.039993286132812}, {"Bounds": [90.02400207519531, 544.5872802734375, 95.73240661621094, 553.5599212646484], "Font": {"alt_family_name": "Symbol", "embedded": true, "encoding": "Identity-H", "family_name": "Symbol MT", "font_type": "CIDFontType2", "italic": false, "monospaced": false, "name": "SymbolMT", "subset": false, "weight": 400}, "HasClip": true, "ObjectID": 604, "Page": 0, "Path": "//Document/Sect[3]/L/LI[2]/Lbl", "Text": "\u2022 ", "TextSize": 8.039993286132812}, {"Bounds": [108.86000061035156, 544.955322265625, 319.0050811767578, 552.7782440185547], "Font": {"alt_family_name": "Georgia", "embedded": true, "encoding": "WinAnsiEncoding", "family_name": "Georgia", "font_type": "TrueType", "italic": false, "monospaced": false, "name": "BCDFEE+Georgia-Bold", "subset": true, "weight": 700}, "HasClip": true, "ObjectID": 605, "Page": 0, "Path": "//Document/Sect[3]/L/LI[2]/LBody", "Text": "Secured Rank 24 in CodeFostor coding competition ", "TextSize": 8.039993286132812}, {"Bounds": [72.02400207519531, 514.5653228759766, 150.12454223632812, 522.3882446289062], "Font": {"alt_family_name": "Georgia", "embedded": true, "encoding": "WinAnsiEncoding", "family_name": "Georgia", "font_type": "TrueType", "italic": false, "monospaced": false, "name": "BCDFEE+Georgia-Bold", "subset": true, "weight": 700}, "HasClip": true, "Lang": "en", "ObjectID": 606, "Page": 0, "Path": "//Document/Sect[4]/H1", "Text": "Academic Projects ", "TextSize": 8.039993286132812, "attributes": {"SpaceAfter": 12.5}}, {"Bounds": [72.02400207519531, 491.0769958496094, 101.23799133300781, 499.83399963378906], "Font": {"alt_family_name": "Georgia", "embedded": true, "encoding": "WinAnsiEncoding", "family_name": "Georgia", "font_type": "TrueType", "italic": false, "monospaced": false, "name": "BCDFEE+Georgia-Bold", "subset": true, "weight": 700}, "HasClip": true, "Lang": "en", "ObjectID": 607, "Page": 0, "Path": "//Document/Sect[5]/H1", "Text": "Chess ", "TextSize": 9.0, "attributes": {"LineHeight": 10.75}}, {"Bounds": [325.99000549316406, 491.2853240966797, 416.3145446777344, 499.1082458496094], "Font": {"alt_family_name": "Georgia", "embedded": true, "encoding": "WinAnsiEncoding", "family_name": "Georgia", "font_type": "TrueType", "italic": false, "monospaced": false, "name": "BCDFEE+Georgia-Bold", "subset": true, "weight": 700}, "HasClip": true, "Lang": "en", "ObjectID": 608, "Page": 0, "Path": "//Document/Sect[5]/P", "Text": "OOPS concepts-JAVA ", "TextSize": 8.039993286132812}, {"Bounds": [472.6600036621094, 491.64532470703125, 525.2459716796875, 499.46824645996094], "Font": {"alt_family_name": "Georgia", "embedded": true, "encoding": "WinAnsiEncoding", "family_name": "Georgia", "font_type": "TrueType", "italic": false, "monospaced": false, "name": "BCDEEE+Georgia", "subset": true, "weight": 400}, "HasClip": true, "Lang": "en", "ObjectID": 609, "Page": 0, "Path": "//Document/Sect[5]/P[2]", "Text": "Sep\u201923-Dec\u201923 ", "TextSize": 8.039993286132812}, {"Bounds": [72.02400207519531, 478.68531799316406, 259.7219696044922, 486.50823974609375], "Font": {"alt_family_name": "Georgia", "embedded": true, "encoding": "WinAnsiEncoding", "family_name": "Georgia", "font_type": "TrueType", "italic": false, "monospaced": false, "name": "BCDEEE+Georgia", "subset": true, "weight": 400}, "HasClip": true, "Lang": "en", "ObjectID": 610, "Page": 0, "Path": "//Document/Sect[5]/P[3]", "Text": "Faculty Mentor: Ms. Nikita Tiwari, Ms. Teena Dubey ", "TextSize": 8.039993286132812, "attributes": {"SpaceAfter": 2.625}}, {"Bounds": [90.02400207519531, 466.9172821044922, 95.73240661621094, 475.8899230957031], "Font": {"alt_family_name": "Symbol", "embedded": true, "encoding": "Identity-H", "family_name": "Symbol MT", "font_type": "CIDFontType2", "italic": false, "monospaced": false, "name": "SymbolMT", "subset": false, "weight": 400}, "HasClip": true, "ObjectID": 611, "Page": 0, "Path": "//Document/Sect[5]/L/LI/Lbl", "Text": "\u2022 ", "TextSize": 8.039993286132812}, {"Bounds": [108.02000427246094, 457.80531311035156, 538.9290008544922, 474.7482452392578], "Font": {"alt_family_name": "Georgia", "embedded": true, "encoding": "WinAnsiEncoding", "family_name": "Georgia", "font_type": "TrueType", "italic": false, "monospaced": false, "name": "BCDEEE+Georgia", "subset": true, "weight": 400}, "HasClip": true, "ObjectID": 612, "Page": 0, "Path": "//Document/Sect[5]/L/LI/LBody", "Text": "Implemented OOPS concepts using encapsulation, abstraction and polymorphism to maintain robust and maintainable system ", "TextSize": 8.039993286132812}, {"Bounds": [90.02400207519531, 448.07728576660156, 95.73240661621094, 457.0499267578125], "Font": {"alt_family_name": "Symbol", "embedded": true, "encoding": "Identity-H", "family_name": "Symbol MT", "font_type": "CIDFontType2", "italic": false, "monospaced": false, "name": "SymbolMT", "subset": false, "weight": 400}, "HasClip": true, "ObjectID": 613, "Page": 0, "Path": "//Document/Sect[5]/L/LI[2]/Lbl", "Text": "\u2022 ", "TextSize": 8.039993286132812}, {"Bounds": [108.02000427246094, 448.0853271484375, 492.8290252685547, 455.9082336425781], "Font": {"alt_family_name": "Georgia", "embedded": true, "encoding": "WinAnsiEncoding", "family_name": "Georgia", "font_type": "TrueType", "italic": false, "monospaced": false, "name": "BCDEEE+Georgia", "subset": true, "weight": 400}, "HasClip": true, "ObjectID": 614, "Page": 0, "Path": "//Document/Sect[5]/L/LI[2]/LBody", "Text": "Written in JAVA and has separate classes for player, board, game logic promoting reusability and scalability ", "TextSize": 8.039993286132812}, {"Bounds": [90.02400207519531, 438.2372741699219, 95.73240661621094, 447.2099151611328], "Font": {"alt_family_name": "Symbol", "embedded": true, "encoding": "Identity-H", "family_name": "Symbol MT", "font_type": "CIDFontType2", "italic": false, "monospaced": false, "name": "SymbolMT", "subset": false, "weight": 400}, "HasClip": true, "ObjectID": 615, "Page": 0, "Path": "//Document/Sect[5]/L/LI[3]/Lbl", "Text": "\u2022 ", "TextSize": 8.039993286132812}, {"Bounds": [108.02000427246094, 438.2453155517578, 510.7655334472656, 446.0682373046875], "Font": {"alt_family_name": "Georgia", "embedded": true, "encoding": "WinAnsiEncoding", "family_name": "Georgia", "font_type": "TrueType", "italic": false, "monospaced": false, "name": "BCDEEE+Georgia", "subset": true, "weight": 400}, "HasClip": true, "ObjectID": 616, "Page": 0, "Path": "//Document/Sect[5]/L/LI[3]/LBody", "Text": "Players take turns making moves by providing inputs through the terminal, creating an interactive experience. ", "TextSize": 8.039993286132812}, {"Bounds": [72.02400207519531, 408.2453155517578, 149.8060302734375, 416.0682373046875], "Font": {"alt_family_name": "Georgia", "embedded": true, "encoding": "WinAnsiEncoding", "family_name": "Georgia", "font_type": "TrueType", "italic": false, "monospaced": false, "name": "BCDFEE+Georgia-Bold", "subset": true, "weight": 700}, "HasClip": true, "Lang": "en", "ObjectID": 617, "Page": 0, "Path": "//Document/Sect[6]/H1", "Text": "Technical Projects ", "TextSize": 8.039993286132812}, {"Bounds": [72.86399841308594, 385.5970001220703, 531.7104949951172, 394.35400390625], "Font": {"alt_family_name": "Georgia", "embedded": true, "encoding": "WinAnsiEncoding", "family_name": "Georgia", "font_type": "TrueType", "italic": false, "monospaced": false, "name": "BCDEEE+Georgia", "subset": true, "weight": 400}, "HasClip": true, "Lang": "en", "ObjectID": 618, "Page": 0, "Path": "//Document/Sect[7]/H1", "Text": "Shopping-Store React, Node.js, express.js, MongoDB (MERN stack) May\u201924-June\u201924 ", "TextSize": 8.039993286132812, "attributes": {"LineHeight": 10.75}}, {"Bounds": [90.86399841308594, 375.9372863769531, 96.57240295410156, 384.90992736816406], "Font": {"alt_family_name": "Symbol", "embedded": true, "encoding": "Identity-H", "family_name": "Symbol MT", "font_type": "CIDFontType2", "italic": false, "monospaced": false, "name": "SymbolMT", "subset": false, "weight": 400}, "HasClip": true, "ObjectID": 619, "Page": 0, "Path": "//Document/Sect[7]/L/LI/Lbl", "Text": "\u2022 ", "TextSize": 8.039993286132812}, {"Bounds": [108.86000061035156, 366.8253173828125, 466.457275390625, 383.7682342529297], "Font": {"alt_family_name": "Georgia", "embedded": true, "encoding": "WinAnsiEncoding", "family_name": "Georgia", "font_type": "TrueType", "italic": false, "monospaced": false, "name": "BCDEEE+Georgia", "subset": true, "weight": 400}, "HasClip": true, "ObjectID": 620, "Page": 0, "Path": "//Document/Sect[7]/L/LI/LBody", "Text": "The website's frontend is built using React and React bootstrap with Redux store and routing mechanism. This allows for a fast, scalable, and interactive user experience ", "TextSize": 8.039993286132812}, {"Bounds": [90.86399841308594, 356.97727966308594, 96.57240295410156, 365.9499206542969], "Font": {"alt_family_name": "Symbol", "embedded": true, "encoding": "Identity-H", "family_name": "Symbol MT", "font_type": "CIDFontType2", "italic": false, "monospaced": false, "name": "SymbolMT", "subset": false, "weight": 400}, "HasClip": true, "ObjectID": 621, "Page": 0, "Path": "//Document/Sect[7]/L/LI[2]/Lbl", "Text": "\u2022 ", "TextSize": 8.039993286132812}, {"Bounds": [108.86000061035156, 347.8653259277344, 447.9588317871094, 364.80824279785156], "Font": {"alt_family_name": "Georgia", "embedded": true, "encoding": "WinAnsiEncoding", "family_name": "Georgia", "font_type": "TrueType", "italic": false, "monospaced": false, "name": "BCDEEE+Georgia", "subset": true, "weight": 400}, "HasClip": true, "ObjectID": 622, "Page": 0, "Path": "//Document/Sect[7]/L/LI[2]/LBody", "Text": "The backend is built using Node.js and Express.js. This enables fast and efficient server-side rendering, routing, and API connectivity. ", "TextSize": 8.039993286132812}, {"Bounds": [90.86399841308594, 338.1372833251953, 96.57240295410156, 347.10992431640625], "Font": {"alt_family_name": "Symbol", "embedded": true, "encoding": "Identity-H", "family_name": "Symbol MT", "font_type": "CIDFontType2", "italic": false, "monospaced": false, "name": "SymbolMT", "subset": false, "weight": 400}, "HasClip": true, "ObjectID": 623, "Page": 0, "Path": "//Document/Sect[7]/L/LI[3]/Lbl", "Text": "\u2022 ", "TextSize": 8.039993286132812}, {"Bounds": [108.86000061035156, 329.0253143310547, 461.6686553955078, 345.96824645996094], "Font": {"alt_family_name": "Georgia", "embedded": true, "encoding": "WinAnsiEncoding", "family_name": "Georgia", "font_type": "TrueType", "italic": false, "monospaced": false, "name": "BCDEEE+Georgia", "subset": true, "weight": 400}, "HasClip": true, "ObjectID": 624, "Page": 0, "Path": "//Document/Sect[7]/L/LI[3]/LBody", "Text": "The website uses MongoDB, a NoSQL database, to store and manage product information, user data, and OTP generation. This allows for flexible and scalable data storage and retrieval. ", "TextSize": 8.039993286132812}, {"Bounds": [90.86399841308594, 319.1772766113281, 96.57240295410156, 328.14991760253906], "Font": {"alt_family_name": "Symbol", "embedded": true, "encoding": "Identity-H", "family_name": "Symbol MT", "font_type": "CIDFontType2", "italic": false, "monospaced": false, "name": "SymbolMT", "subset": false, "weight": 400}, "HasClip": true, "ObjectID": 625, "Page": 0, "Path": "//Document/Sect[7]/L/LI[4]/Lbl", "Text": "\u2022 ", "TextSize": 8.039993286132812}, {"Bounds": [108.86000061035156, 310.18531799316406, 439.67430114746094, 327.00823974609375], "Font": {"alt_family_name": "Georgia", "embedded": true, "encoding": "WinAnsiEncoding", "family_name": "Georgia", "font_type": "TrueType", "italic": false, "monospaced": false, "name": "BCDEEE+Georgia", "subset": true, "weight": 400}, "HasClip": true, "ObjectID": 626, "Page": 0, "Path": "//Document/Sect[7]/L/LI[4]/LBody", "Text": "The website integrates with PhonePe, a popular payment gateway, to enable secure and seamless transactions. This provides users with a convenient and trusted payment option. ", "TextSize": 8.039993286132812}, {"Bounds": [90.86399841308594, 300.3372802734375, 96.57240295410156, 309.30992126464844], "Font": {"alt_family_name": "Symbol", "embedded": true, "encoding": "Identity-H", "family_name": "Symbol MT", "font_type": "CIDFontType2", "italic": false, "monospaced": false, "name": "SymbolMT", "subset": false, "weight": 400}, "HasClip": true, "ObjectID": 627, "Page": 0, "Path": "//Document/Sect[7]/L/LI[5]/Lbl", "Text": "\u2022 ", "TextSize": 8.039993286132812}, {"Bounds": [108.86000061035156, 282.22532653808594, 460.384765625, 308.1682434082031], "Font": {"alt_family_name": "Georgia", "embedded": true, "encoding": "WinAnsiEncoding", "family_name": "Georgia", "font_type": "TrueType", "italic": false, "monospaced": false, "name": "BCDEEE+Georgia", "subset": true, "weight": 400}, "HasClip": true, "ObjectID": 628, "Page": 0, "Path": "//Document/Sect[7]/L/LI[5]/LBody", "Text": "The website implements JSON Web Tokens (JWT) for secure authentication and authorization. Authenticated login and signup features ensure that only authorized users can access and manage their accounts, providing an additional layer of security. ", "TextSize": 8.039993286132812}, {"Bounds": [72.86399841308594, 251.41700744628906, 116.72999572753906, 260.1739959716797], "Font": {"alt_family_name": "Georgia", "embedded": true, "encoding": "WinAnsiEncoding", "family_name": "Georgia", "font_type": "TrueType", "italic": false, "monospaced": false, "name": "BCDFEE+Georgia-Bold", "subset": true, "weight": 700}, "HasClip": true, "Lang": "en", "ObjectID": 629, "Page": 0, "Path": "//Document/Sect[8]/H1", "Text": "Portfolio ", "TextSize": 9.0, "attributes": {"LineHeight": 10.75}}, {"Bounds": [278.92999267578125, 251.41700744628906, 398.94505310058594, 260.1739959716797], "Font": {"alt_family_name": "Georgia", "embedded": true, "encoding": "WinAnsiEncoding", "family_name": "Georgia", "font_type": "TrueType", "italic": false, "monospaced": false, "name": "BCDFEE+Georgia-Bold", "subset": true, "weight": 700}, "HasClip": true, "Lang": "en", "ObjectID": 630, "Page": 0, "Path": "//Document/Sect[9]/H1", "Text": "React, Node.js, express.js ", "TextSize": 9.0, "attributes": {"LineHeight": 10.75}}, {"Bounds": [477.94000244140625, 254.98532104492188, 530.510498046875, 262.80824279785156], "Font": {"alt_family_name": "Georgia", "embedded": true, "encoding": "WinAnsiEncoding", "family_name": "Georgia", "font_type": "TrueType", "italic": false, "monospaced": false, "name": "BCDEEE+Georgia", "subset": true, "weight": 400}, "HasClip": true, "Lang": "en", "ObjectID": 631, "Page": 0, "Path": "//Document/Sect[9]/P", "Text": "Jan\u201924-Feb\u201924 ", "TextSize": 8.039993286132812, "attributes": {"SpaceAfter": 4.375}}, {"Bounds": [90.86399841308594, 241.65728759765625, 96.57240295410156, 250.62991333007812], "Font": {"alt_family_name": "Symbol", "embedded": true, "encoding": "Identity-H", "family_name": "Symbol MT", "font_type": "CIDFontType2", "italic": false, "monospaced": false, "name": "SymbolMT", "subset": false, "weight": 400}, "HasClip": true, "ObjectID": 632, "Page": 0, "Path": "//Document/Sect[9]/L/LI/Lbl", "Text": "\u2022 ", "TextSize": 8.039993286132812}, {"Bounds": [108.86000061035156, 232.66531372070312, 514.4302520751953, 249.4882354736328], "Font": {"alt_family_name": "Georgia", "embedded": true, "encoding": "WinAnsiEncoding", "family_name": "Georgia", "font_type": "TrueType", "italic": false, "monospaced": false, "name": "BCDEEE+Georgia", "subset": true, "weight": 400}, "HasClip": true, "ObjectID": 633, "Page": 0, "Path": "//Document/Sect[9]/L/LI/LBody", "Text": "The portfolio project is built using React, allowing dynamic and engaging presentation of the project's features and sections of skills projects, about and contact form. ", "TextSize": 8.039993286132812}, {"Bounds": [90.86399841308594, 222.81727600097656, 96.57240295410156, 231.7899169921875], "Font": {"alt_family_name": "Symbol", "embedded": true, "encoding": "Identity-H", "family_name": "Symbol MT", "font_type": "CIDFontType2", "italic": false, "monospaced": false, "name": "SymbolMT", "subset": false, "weight": 400}, "HasClip": true, "ObjectID": 634, "Page": 0, "Path": "//Document/Sect[9]/L/LI[2]/Lbl", "Text": "\u2022 ", "TextSize": 8.039993286132812}, {"Bounds": [108.86000061035156, 213.705322265625, 541.8140258789062, 230.6482391357422], "Font": {"alt_family_name": "Georgia", "embedded": true, "encoding": "WinAnsiEncoding", "family_name": "Georgia", "font_type": "TrueType", "italic": false, "monospaced": false, "name": "BCDEEE+Georgia", "subset": true, "weight": 400}, "HasClip": true, "ObjectID": 635, "Page": 0, "Path": "//Document/Sect[9]/L/LI[2]/LBody", "Text": "The contact form is powered by a Node Express backend, which handles form submissions and sends emails to the desired recipient. This enables a seamless and efficient way for users to get in touch with the project owner. ", "TextSize": 8.039993286132812}, {"Bounds": [90.86399841308594, 203.82728576660156, 96.57240295410156, 212.7999267578125], "Font": {"alt_family_name": "Symbol", "embedded": true, "encoding": "Identity-H", "family_name": "Symbol MT", "font_type": "CIDFontType2", "italic": false, "monospaced": false, "name": "SymbolMT", "subset": false, "weight": 400}, "HasClip": true, "ObjectID": 636, "Page": 0, "Path": "//Document/Sect[9]/L/LI[3]/Lbl", "Text": "\u2022 ", "TextSize": 8.039993286132812}, {"Bounds": [108.86000061035156, 194.8353271484375, 526.3289794921875, 211.65823364257812], "Font": {"alt_family_name": "Georgia", "embedded": true, "encoding": "WinAnsiEncoding", "family_name": "Georgia", "font_type": "TrueType", "italic": false, "monospaced": false, "name": "BCDEEE+Georgia", "subset": true, "weight": 400}, "HasClip": true, "ObjectID": 637, "Page": 0, "Path": "//Document/Sect[9]/L/LI[3]/LBody", "Text": "The project features classy animations and transitions that enhance the user experience, making it more engaging and interactive. ", "TextSize": 8.039993286132812}, {"Bounds": [90.86399841308594, 184.98727416992188, 96.57240295410156, 193.9599151611328], "Font": {"alt_family_name": "Symbol", "embedded": true, "encoding": "Identity-H", "family_name": "Symbol MT", "font_type": "CIDFontType2", "italic": false, "monospaced": false, "name": "SymbolMT", "subset": false, "weight": 400}, "HasClip": true, "ObjectID": 638, "Page": 0, "Path": "//Document/Sect[9]/L/LI[4]/Lbl", "Text": "\u2022 ", "TextSize": 8.039993286132812}, {"Bounds": [108.86000061035156, 184.9953155517578, 344.20941162109375, 192.8182373046875], "Font": {"alt_family_name": "Georgia", "embedded": true, "encoding": "WinAnsiEncoding", "family_name": "Georgia", "font_type": "TrueType", "italic": false, "monospaced": false, "name": "BCDEEE+Georgia", "subset": true, "weight": 400}, "HasClip": true, "ObjectID": 639, "Page": 0, "Path": "//Document/Sect[9]/L/LI[4]/LBody", "Text": "The project boasts a user-friendly interface that is easy to navigate ", "TextSize": 8.039993286132812}, {"Bounds": [72.02400207519531, 147.1953125, 290.8497772216797, 155.0182342529297], "Font": {"alt_family_name": "Georgia", "embedded": true, "encoding": "WinAnsiEncoding", "family_name": "Georgia", "font_type": "TrueType", "italic": false, "monospaced": false, "name": "BCDFEE+Georgia-Bold", "subset": true, "weight": 700}, "HasClip": true, "Lang": "en", "ObjectID": 640, "Page": 0, "Path": "//Document/Sect[10]/H1", "Text": "Platforms, Languages, Technologies & Tools Worked ", "TextSize": 8.039993286132812}, {"Bounds": [84.62399291992188, 125.707275390625, 90.3323974609375, 134.67991638183594], "Font": {"alt_family_name": "Symbol", "embedded": true, "encoding": "Identity-H", "family_name": "Symbol MT", "font_type": "CIDFontType2", "italic": false, "monospaced": false, "name": "SymbolMT", "subset": false, "weight": 400}, "HasClip": true, "ObjectID": 641, "Page": 0, "Path": "//Document/Sect[10]/L/LI/Lbl", "Text": "\u2022 ", "TextSize": 8.039993286132812}, {"Bounds": [102.6199951171875, 125.71531677246094, 182.07936096191406, 133.53823852539062], "Font": {"alt_family_name": "Georgia", "embedded": true, "encoding": "WinAnsiEncoding", "family_name": "Georgia", "font_type": "TrueType", "italic": false, "monospaced": false, "name": "BCDFEE+Georgia-Bold", "subset": true, "weight": 700}, "HasClip": true, "ObjectID": 642, "Page": 0, "Path": "//Document/Sect[10]/L/LI/LBody", "Text": "Operating Systems ", "TextSize": 8.039993286132812}, {"Bounds": [84.62399291992188, 115.86727905273438, 90.3323974609375, 124.83992004394531], "Font": {"alt_family_name": "Symbol", "embedded": true, "encoding": "Identity-H", "family_name": "Symbol MT", "font_type": "CIDFontType2", "italic": false, "monospaced": false, "name": "SymbolMT", "subset": false, "weight": 400}, "HasClip": true, "ObjectID": 643, "Page": 0, "Path": "//Document/Sect[10]/L/LI[2]/Lbl", "Text": "\u2022 ", "TextSize": 8.039993286132812}, {"Bounds": [102.6199951171875, 115.87532043457031, 187.12844848632812, 123.6982421875], "Font": {"alt_family_name": "Georgia", "embedded": true, "encoding": "WinAnsiEncoding", "family_name": "Georgia", "font_type": "TrueType", "italic": false, "monospaced": false, "name": "BCDFEE+Georgia-Bold", "subset": true, "weight": 700}, "HasClip": true, "ObjectID": 644, "Page": 0, "Path": "//Document/Sect[10]/L/LI[2]/LBody", "Text": "Programming Skills ", "TextSize": 8.039993286132812}, {"Bounds": [84.62399291992188, 106.02728271484375, 90.3323974609375, 114.99992370605469], "Font": {"alt_family_name": "Symbol", "embedded": true, "encoding": "Identity-H", "family_name": "Symbol MT", "font_type": "CIDFontType2", "italic": false, "monospaced": false, "name": "SymbolMT", "subset": false, "weight": 400}, "HasClip": true, "ObjectID": 645, "Page": 0, "Path": "//Document/Sect[10]/L/LI[3]/Lbl", "Text": "\u2022 ", "TextSize": 8.039993286132812}, {"Bounds": [102.6199951171875, 106.03532409667969, 166.75503540039062, 113.85824584960938], "Font": {"alt_family_name": "Georgia", "embedded": true, "encoding": "WinAnsiEncoding", "family_name": "Georgia", "font_type": "TrueType", "italic": false, "monospaced": false, "name": "BCDFEE+Georgia-Bold", "subset": true, "weight": 700}, "HasClip": true, "ObjectID": 646, "Page": 0, "Path": "//Document/Sect[10]/L/LI[3]/LBody", "Text": "Web Designing ", "TextSize": 8.039993286132812}, {"Bounds": [84.62399291992188, 96.311279296875, 90.3323974609375, 105.28392028808594], "Font": {"alt_family_name": "Symbol", "embedded": true, "encoding": "Identity-H", "family_name": "Symbol MT", "font_type": "CIDFontType2", "italic": false, "monospaced": false, "name": "SymbolMT", "subset": false, "weight": 400}, "HasClip": true, "ObjectID": 647, "Page": 0, "Path": "//Document/Sect[10]/L/LI[4]/Lbl", "Text": "\u2022 ", "TextSize": 8.039993286132812}, {"Bounds": [102.6199951171875, 96.31932067871094, 166.4817352294922, 104.14224243164062], "Font": {"alt_family_name": "Georgia", "embedded": true, "encoding": "WinAnsiEncoding", "family_name": "Georgia", "font_type": "TrueType", "italic": false, "monospaced": false, "name": "BCDFEE+Georgia-Bold", "subset": true, "weight": 700}, "HasClip": true, "ObjectID": 648, "Page": 0, "Path": "//Document/Sect[10]/L/LI[4]/LBody", "Text": "Software Skills ", "TextSize": 8.039993286132812}, {"Bounds": [84.62399291992188, 86.47128295898438, 90.3323974609375, 95.44392395019531], "Font": {"alt_family_name": "Symbol", "embedded": true, "encoding": "Identity-H", "family_name": "Symbol MT", "font_type": "CIDFontType2", "italic": false, "monospaced": false, "name": "SymbolMT", "subset": false, "weight": 400}, "HasClip": true, "ObjectID": 649, "Page": 0, "Path": "//Document/Sect[10]/L/LI[5]/Lbl", "Text": "\u2022 ", "TextSize": 8.039993286132812}, {"Bounds": [102.6199951171875, 86.47932434082031, 146.81442260742188, 94.30224609375], "Font": {"alt_family_name": "Georgia", "embedded": true, "encoding": "WinAnsiEncoding", "family_name": "Georgia", "font_type": "TrueType", "italic": false, "monospaced": false, "name": "BCDFEE+Georgia-Bold", "subset": true, "weight": 700}, "HasClip": true, "ObjectID": 650, "Page": 0, "Path": "//Document/Sect[10]/L/LI[5]/LBody", "Text": "Databases ", "TextSize": 8.039993286132812}, {"Bounds": [202.61000061035156, 126.0753173828125, 276.056396484375, 133.8982391357422], "Font": {"alt_family_name": "Georgia", "embedded": true, "encoding": "WinAnsiEncoding", "family_name": "Georgia", "font_type": "TrueType", "italic": false, "monospaced": false, "name": "BCDEEE+Georgia", "subset": true, "weight": 400}, "HasClip": true, "ObjectID": 651, "Page": 0, "Path": "//Document/Sect[10]/L/LI[6]/LBody", "Text": ": Linux, Windows ", "TextSize": 8.039993286132812}, {"Bounds": [202.61000061035156, 116.23532104492188, 314.3626251220703, 124.05824279785156], "Font": {"alt_family_name": "Georgia", "embedded": true, "encoding": "WinAnsiEncoding", "family_name": "Georgia", "font_type": "TrueType", "italic": false, "monospaced": false, "name": "BCDEEE+Georgia", "subset": true, "weight": 400}, "HasClip": true, "ObjectID": 652, "Page": 0, "Path": "//Document/Sect[10]/L/LI[7]/LBody", "Text": ": C,C++, Java, python(basic) ", "TextSize": 8.039993286132812}, {"Bounds": [202.61000061035156, 106.39532470703125, 436.84722900390625, 114.21824645996094], "Font": {"alt_family_name": "Georgia", "embedded": true, "encoding": "WinAnsiEncoding", "family_name": "Georgia", "font_type": "TrueType", "italic": false, "monospaced": false, "name": "BCDEEE+Georgia", "subset": true, "weight": 400}, "HasClip": true, "ObjectID": 653, "Page": 0, "Path": "//Document/Sect[10]/L/LI[8]/LBody", "Text": ": HTML,CSS, Javascript,React.js,Bootstrap5,Node.js,Express.js ", "TextSize": 8.039993286132812}, {"Bounds": [202.61000061035156, 96.6793212890625, 344.8106231689453, 104.50224304199219], "Font": {"alt_family_name": "Georgia", "embedded": true, "encoding": "WinAnsiEncoding", "family_name": "Georgia", "font_type": "TrueType", "italic": false, "monospaced": false, "name": "BCDEEE+Georgia", "subset": true, "weight": 400}, "HasClip": true, "ObjectID": 654, "Page": 0, "Path": "//Document/Sect[10]/L/LI[9]/LBody", "Text": ": Git, GitHub, VS Code, IntelliJ IDEA ", "TextSize": 8.039993286132812}, {"Bounds": [202.61000061035156, 86.83932495117188, 337.0626220703125, 94.66224670410156], "Font": {"alt_family_name": "Georgia", "embedded": true, "encoding": "WinAnsiEncoding", "family_name": "Georgia", "font_type": "TrueType", "italic": false, "monospaced": false, "name": "BCDEEE+Georgia", "subset": true, "weight": 400}, "HasClip": true, "ObjectID": 655, "Page": 0, "Path": "//Document/Sect[10]/L/LI[10]/LBody", "Text": ": MongoDB(basic implementation) ", "TextSize": 8.039993286132812}, {"Bounds": [72.02400207519531, 764.9353179931641, 158.67108154296875, 772.7582397460938], "ClipBounds": [72.02400207519531, 764.9353179931641, 158.67108154296875, 772.7582397460938], "Font": {"alt_family_name": "Georgia", "embedded": true, "encoding": "WinAnsiEncoding", "family_name": "Georgia", "font_type": "TrueType", "italic": false, "monospaced": false, "name": "BCDFEE+Georgia-Bold", "subset": true, "weight": 700}, "HasClip": true, "Lang": "en", "ObjectID": 452, "Page": 1, "Path": "//Document/Sect[11]/H1", "Text": "Courses Undertaken ", "TextSize": 8.039993286132812, "attributes": {"SpaceAfter": 12.5}}, {"Bounds": [95.42399597167969, 695.0672760009766, 444.1270446777344, 751.8782348632812], "ClipBounds": [95.42399597167969, 695.0672760009766, 444.1270446777344, 751.8782348632812], "ObjectID": 496, "Page": 1, "Path": "//Document/Sect[11]/Table", "attributes": {"BBox": [73.55699999999706, 704.1639999999898, 316.30699999998615, 755.6409999999742], "NumCol": 2, "NumRow": 6, "Placement": "Block", "SpaceAfter": 14.75}}, {"Bounds": [188.17999267578125, 744.0553131103516, 209.9120635986328, 751.8782348632812], "ClipBounds": [188.17999267578125, 744.0553131103516, 209.9120635986328, 751.8782348632812], "ObjectID": 535, "Page": 1, "Path": "//Document/Sect[11]/Table/TR/TH", "attributes": {"BBox": [70.43709999999919, 743.2819999999774, 316.30699999998615, 756.4809999999998], "BackgroundColor": [1, 1, 1], "BlockAlign": "After", "BorderColor": [[0, 0, 0], [0, 0, 0], null, null], "BorderStyle": ["Double", "Double", "None", "None"], "BorderThickness": [0.875, 0.375, 0, 0], "ColIndex": 0, "Height": 13.25, "InlineAlign": "Center", "RowIndex": 0, "Width": 245.875}}, {"Bounds": [188.17999267578125, 744.0553131103516, 209.9120635986328, 751.8782348632812], "ClipBounds": [188.17999267578125, 744.0553131103516, 209.9120635986328, 751.8782348632812], "Font": {"alt_family_name": "Georgia", "embedded": true, "encoding": "WinAnsiEncoding", "family_name": "Georgia", "font_type": "TrueType", "italic": false, "monospaced": false, "name": "BCDFEE+Georgia-Bold", "subset": true, "weight": 700}, "HasClip": true, "Lang": "en", "ObjectID": 453, "Page": 1, "Path": "//Document/Sect[11]/Table/TR/TH/P", "Text": "Core ", "TextSize": 8.039993286132812, "attributes": {"LineHeight": 9.625}}, {"Bounds": [408.5500030517578, 744.0553131103516, 444.1270446777344, 751.8782348632812], "ClipBounds": [408.5500030517578, 744.0553131103516, 444.1270446777344, 751.8782348632812], "ObjectID": 536, "Page": 1, "Path": "//Document/Sect[11]/Table/TR/TH[2]", "attributes": {"BBox": [316.30699999998615, 743.6419999999925, 545.377999999997, 755.6409999999742], "BackgroundColor": [1, 1, 1], "BlockAlign": "After", "ColIndex": 1, "Height": 12, "InlineAlign": "Center", "RowIndex": 0, "Width": 229.125}}, {"Bounds": [408.5500030517578, 744.0553131103516, 444.1270446777344, 751.8782348632812], "ClipBounds": [408.5500030517578, 744.0553131103516, 444.1270446777344, 751.8782348632812], "Font": {"alt_family_name": "Georgia", "embedded": true, "encoding": "WinAnsiEncoding", "family_name": "Georgia", "font_type": "TrueType", "italic": false, "monospaced": false, "name": "BCDFEE+Georgia-Bold", "subset": true, "weight": 700}, "HasClip": true, "Lang": "en", "ObjectID": 454, "Page": 1, "Path": "//Document/Sect[11]/Table/TR/TH[2]/P", "Text": "Breadth ", "TextSize": 8.039993286132812, "attributes": {"LineHeight": 9.625}}, {"Bounds": [95.42399597167969, 734.207275390625, 170.8819122314453, 743.1799163818359], "ClipBounds": [95.42399597167969, 734.207275390625, 170.8819122314453, 743.1799163818359], "ObjectID": 527, "Page": 1, "Path": "//Document/Sect[11]/Table/TR[2]/TD", "attributes": {"BBox": [73.55699999999706, 733.9219999999914, 316.30699999998615, 743.6419999999925], "BackgroundColor": [1, 1, 1], "BlockAlign": "Middle", "ColIndex": 0, "Height": 9.75, "InlineAlign": "Start", "RowIndex": 1, "Width": 242.75}}, {"Bounds": [95.42399597167969, 734.207275390625, 170.8819122314453, 743.1799163818359], "ClipBounds": [95.42399597167969, 734.207275390625, 170.8819122314453, 743.1799163818359], "Font": {"alt_family_name": "Georgia", "embedded": true, "encoding": "WinAnsiEncoding", "family_name": "Georgia", "font_type": "TrueType", "italic": false, "monospaced": false, "name": "BCDEEE+Georgia", "subset": true, "weight": 400}, "HasClip": true, "Lang": "en", "ObjectID": 455, "Page": 1, "Path": "//Document/Sect[11]/Table/TR[2]/TD/P", "Text": "\u2022 Data Structures ", "TextSize": 8.039993286132812, "attributes": {"LineHeight": 9.625}}, {"Bounds": [329.4700012207031, 734.207275390625, 395.4688262939453, 743.1799163818359], "ClipBounds": [329.4700012207031, 734.207275390625, 395.4688262939453, 743.1799163818359], "ObjectID": 528, "Page": 1, "Path": "//Document/Sect[11]/Table/TR[2]/TD[2]", "attributes": {"BBox": [316.30699999998615, 733.9219999999914, 545.377999999997, 743.6419999999925], "BackgroundColor": [1, 1, 1], "BlockAlign": "Middle", "ColIndex": 1, "Height": 9.75, "InlineAlign": "Start", "RowIndex": 1, "Width": 229.125}}, {"Bounds": [329.4700012207031, 734.207275390625, 395.4688262939453, 743.1799163818359], "ClipBounds": [329.4700012207031, 734.207275390625, 395.4688262939453, 743.1799163818359], "Font": {"alt_family_name": "Georgia", "embedded": true, "encoding": "WinAnsiEncoding", "family_name": "Georgia", "font_type": "TrueType", "italic": false, "monospaced": false, "name": "BCDEEE+Georgia", "subset": true, "weight": 400}, "HasClip": true, "Lang": "en", "ObjectID": 456, "Page": 1, "Path": "//Document/Sect[11]/Table/TR[2]/TD[2]/P", "Text": "\u2022 Mathematics ", "TextSize": 8.039993286132812, "attributes": {"LineHeight": 9.625}}, {"Bounds": [95.42399597167969, 724.4872741699219, 158.83798217773438, 733.4599151611328], "ClipBounds": [95.42399597167969, 724.4872741699219, 158.83798217773438, 733.4599151611328], "ObjectID": 519, "Page": 1, "Path": "//Document/Sect[11]/Table/TR[3]/TD", "attributes": {"BBox": [73.55699999999706, 723.9629999999888, 316.30699999998615, 733.9219999999914], "BackgroundColor": [1, 1, 1], "BlockAlign": "Middle", "ColIndex": 0, "Height": 10, "InlineAlign": "Start", "RowIndex": 2, "Width": 242.75}}, {"Bounds": [95.42399597167969, 724.4872741699219, 158.83798217773438, 733.4599151611328], "ClipBounds": [95.42399597167969, 724.4872741699219, 158.83798217773438, 733.4599151611328], "Font": {"alt_family_name": "Georgia", "embedded": true, "encoding": "WinAnsiEncoding", "family_name": "Georgia", "font_type": "TrueType", "italic": false, "monospaced": false, "name": "BCDEEE+Georgia", "subset": true, "weight": 400}, "HasClip": true, "Lang": "en", "ObjectID": 457, "Page": 1, "Path": "//Document/Sect[11]/Table/TR[3]/TD/P", "Text": "\u2022 JAVA OOPS ", "TextSize": 8.039993286132812, "attributes": {"LineHeight": 9.625}}, {"Bounds": [329.4700012207031, 724.4872741699219, 412.41937255859375, 733.4599151611328], "ClipBounds": [329.4700012207031, 724.4872741699219, 412.41937255859375, 733.4599151611328], "ObjectID": 520, "Page": 1, "Path": "//Document/Sect[11]/Table/TR[3]/TD[2]", "attributes": {"BBox": [316.30699999998615, 723.9629999999888, 545.377999999997, 733.9219999999914], "BackgroundColor": [1, 1, 1], "BlockAlign": "Middle", "ColIndex": 1, "Height": 10, "InlineAlign": "Start", "RowIndex": 2, "Width": 229.125}}, {"Bounds": [329.4700012207031, 724.4872741699219, 412.41937255859375, 733.4599151611328], "ClipBounds": [329.4700012207031, 724.4872741699219, 412.41937255859375, 733.4599151611328], "Font": {"alt_family_name": "Georgia", "embedded": true, "encoding": "WinAnsiEncoding", "family_name": "Georgia", "font_type": "TrueType", "italic": false, "monospaced": false, "name": "BCDEEE+Georgia", "subset": true, "weight": 400}, "HasClip": true, "Lang": "en", "ObjectID": 458, "Page": 1, "Path": "//Document/Sect[11]/Table/TR[3]/TD[2]/P", "Text": "\u2022 Technical English ", "TextSize": 8.039993286132812, "attributes": {"LineHeight": 9.625}}, {"Bounds": [95.42399597167969, 714.6472778320312, 182.0333709716797, 723.6199188232422], "ClipBounds": [95.42399597167969, 714.6472778320312, 182.0333709716797, 723.6199188232422], "ObjectID": 511, "Page": 1, "Path": "//Document/Sect[11]/Table/TR[4]/TD", "attributes": {"BBox": [73.55699999999706, 714.002999999997, 316.30699999998615, 723.9629999999888], "BackgroundColor": [1, 1, 1], "BlockAlign": "Middle", "ColIndex": 0, "Height": 10, "InlineAlign": "Start", "RowIndex": 3, "Width": 242.75}}, {"Bounds": [95.42399597167969, 714.6472778320312, 182.0333709716797, 723.6199188232422], "ClipBounds": [95.42399597167969, 714.6472778320312, 182.0333709716797, 723.6199188232422], "Font": {"alt_family_name": "Georgia", "embedded": true, "encoding": "WinAnsiEncoding", "family_name": "Georgia", "font_type": "TrueType", "italic": false, "monospaced": false, "name": "BCDEEE+Georgia", "subset": true, "weight": 400}, "HasClip": true, "Lang": "en", "ObjectID": 459, "Page": 1, "Path": "//Document/Sect[11]/Table/TR[4]/TD/P", "Text": "\u2022 Operating Systems ", "TextSize": 8.039993286132812, "attributes": {"LineHeight": 9.625}}, {"Bounds": [329.4700012207031, 714.6472778320312, 424.9813537597656, 723.6199188232422], "ClipBounds": [329.4700012207031, 714.6472778320312, 424.9813537597656, 723.6199188232422], "ObjectID": 512, "Page": 1, "Path": "//Document/Sect[11]/Table/TR[4]/TD[2]", "attributes": {"BBox": [316.30699999998615, 714.002999999997, 545.377999999997, 723.9629999999888], "BackgroundColor": [1, 1, 1], "BlockAlign": "Middle", "ColIndex": 1, "Height": 10, "InlineAlign": "Start", "RowIndex": 3, "Width": 229.125}}, {"Bounds": [329.4700012207031, 714.6472778320312, 424.9813537597656, 723.6199188232422], "ClipBounds": [329.4700012207031, 714.6472778320312, 424.9813537597656, 723.6199188232422], "Font": {"alt_family_name": "Georgia", "embedded": true, "encoding": "WinAnsiEncoding", "family_name": "Georgia", "font_type": "TrueType", "italic": false, "monospaced": false, "name": "BCDEEE+Georgia", "subset": true, "weight": 400}, "HasClip": true, "Lang": "en", "ObjectID": 460, "Page": 1, "Path": "//Document/Sect[11]/Table/TR[4]/TD[2]/P", "Text": "\u2022 Engineering Drawing ", "TextSize": 8.039993286132812, "attributes": {"LineHeight": 9.625}}, {"Bounds": [95.42399597167969, 704.7872772216797, 183.2474365234375, 713.7599182128906], "ClipBounds": [95.42399597167969, 704.7872772216797, 183.2474365234375, 713.7599182128906], "ObjectID": 503, "Page": 1, "Path": "//Document/Sect[11]/Table/TR[5]/TD", "attributes": {"BBox": [73.55699999999706, 704.1639999999898, 316.30699999998615, 714.002999999997], "BackgroundColor": [1, 1, 1], "BlockAlign": "Middle", "ColIndex": 0, "Height": 9.875, "InlineAlign": "Start", "RowIndex": 4, "Width": 242.75}}, {"Bounds": [95.42399597167969, 704.7872772216797, 183.2474365234375, 713.7599182128906], "ClipBounds": [95.42399597167969, 704.7872772216797, 183.2474365234375, 713.7599182128906], "Font": {"alt_family_name": "Georgia", "embedded": true, "encoding": "WinAnsiEncoding", "family_name": "Georgia", "font_type": "TrueType", "italic": false, "monospaced": false, "name": "BCDEEE+Georgia", "subset": true, "weight": 400}, "HasClip": true, "Lang": "en", "ObjectID": 461, "Page": 1, "Path": "//Document/Sect[11]/Table/TR[5]/TD/P", "Text": "\u2022 Discrete Structures ", "TextSize": 8.039993286132812, "attributes": {"LineHeight": 9.625}}, {"Bounds": [329.4700012207031, 704.7872772216797, 375.9075164794922, 713.7599182128906], "ClipBounds": [329.4700012207031, 704.7872772216797, 375.9075164794922, 713.7599182128906], "ObjectID": 504, "Page": 1, "Path": "//Document/Sect[11]/Table/TR[5]/TD[2]", "attributes": {"BBox": [316.30699999998615, 704.1639999999898, 545.377999999997, 714.002999999997], "BackgroundColor": [1, 1, 1], "BlockAlign": "Middle", "ColIndex": 1, "Height": 9.875, "InlineAlign": "Start", "RowIndex": 4, "Width": 229.125}}, {"Bounds": [329.4700012207031, 704.7872772216797, 375.9075164794922, 713.7599182128906], "ClipBounds": [329.4700012207031, 704.7872772216797, 375.9075164794922, 713.7599182128906], "Font": {"alt_family_name": "Georgia", "embedded": true, "encoding": "WinAnsiEncoding", "family_name": "Georgia", "font_type": "TrueType", "italic": false, "monospaced": false, "name": "BCDEEE+Georgia", "subset": true, "weight": 400}, "HasClip": true, "Lang": "en", "ObjectID": 462, "Page": 1, "Path": "//Document/Sect[11]/Table/TR[5]/TD[2]/P", "Text": "\u2022 Physics ", "TextSize": 8.039993286132812, "attributes": {"LineHeight": 9.625}}, {"Bounds": [95.42399597167969, 695.0672760009766, 196.9923095703125, 704.0399169921875], "ClipBounds": [95.42399597167969, 695.0672760009766, 196.9923095703125, 704.0399169921875], "ObjectID": 546, "Page": 1, "Path": "//Document/Sect[11]/Table/TR[6]/TD", "attributes": {"BBox": [73.55699999999706, 695.0439999999944, 316.30699999998615, 704.1639999999898], "BackgroundColor": [1, 1, 1], "BlockAlign": "Middle", "ColIndex": 0, "Height": 9.125, "InlineAlign": "Start", "RowIndex": 5, "Width": 242.75}}, {"Bounds": [95.42399597167969, 695.0672760009766, 196.9923095703125, 704.0399169921875], "ClipBounds": [95.42399597167969, 695.0672760009766, 196.9923095703125, 704.0399169921875], "Font": {"alt_family_name": "Georgia", "embedded": true, "encoding": "WinAnsiEncoding", "family_name": "Georgia", "font_type": "TrueType", "italic": false, "monospaced": false, "name": "BCDEEE+Georgia", "subset": true, "weight": 400}, "HasClip": true, "Lang": "en", "ObjectID": 463, "Page": 1, "Path": "//Document/Sect[11]/Table/TR[6]/TD/P", "Text": "\u2022 Computer Architecture ", "TextSize": 8.039993286132812, "attributes": {"LineHeight": 9.625}}, {"Bounds": [329.4700012207031, 695.0672760009766, 385.9896545410156, 704.0399169921875], "ClipBounds": [329.4700012207031, 695.0672760009766, 385.9896545410156, 704.0399169921875], "ObjectID": 494, "Page": 1, "Path": "//Document/Sect[11]/Table/TR[6]/TD[2]", "attributes": {"BBox": [316.30699999998615, 695.0439999999944, 545.377999999997, 704.1639999999898], "BackgroundColor": [1, 1, 1], "BlockAlign": "Middle", "ColIndex": 1, "Height": 9.125, "InlineAlign": "Start", "RowIndex": 5, "Width": 229.125}}, {"Bounds": [329.4700012207031, 695.0672760009766, 385.9896545410156, 704.0399169921875], "ClipBounds": [329.4700012207031, 695.0672760009766, 385.9896545410156, 704.0399169921875], "Font": {"alt_family_name": "Georgia", "embedded": true, "encoding": "WinAnsiEncoding", "family_name": "Georgia", "font_type": "TrueType", "italic": false, "monospaced": false, "name": "BCDEEE+Georgia", "subset": true, "weight": 400}, "HasClip": true, "Lang": "en", "ObjectID": 464, "Page": 1, "Path": "//Document/Sect[11]/Table/TR[6]/TD[2]/P", "Text": "\u2022 Chemistry ", "TextSize": 8.039993286132812, "attributes": {"LineHeight": 9.625}}, {"Bounds": [72.02400207519531, 665.0753173828125, 183.8844757080078, 672.8982391357422], "ClipBounds": [72.02400207519531, 665.0753173828125, 183.8844757080078, 672.8982391357422], "Font": {"alt_family_name": "Georgia", "embedded": true, "encoding": "WinAnsiEncoding", "family_name": "Georgia", "font_type": "TrueType", "italic": false, "monospaced": false, "name": "BCDFEE+Georgia-Bold", "subset": true, "weight": 700}, "HasClip": true, "Lang": "en", "ObjectID": 465, "Page": 1, "Path": "//Document/Sect[12]/H1", "Text": "Positions of Responsibility ", "TextSize": 8.039993286132812}, {"Bounds": [77.42399597167969, 644.1953125, 161.59616088867188, 652.0182342529297], "ClipBounds": [77.42399597167969, 644.1953125, 161.59616088867188, 652.0182342529297], "Font": {"alt_family_name": "Georgia", "embedded": true, "encoding": "WinAnsiEncoding", "family_name": "Georgia", "font_type": "TrueType", "italic": false, "monospaced": false, "name": "BCDEEE+Georgia", "subset": true, "weight": 400}, "HasClip": true, "Lang": "en", "ObjectID": 466, "Page": 1, "Path": "//Document/Sect[12]/P", "Text": "Placement Coordinator ", "TextSize": 8.039993286132812}, {"Bounds": [95.42399597167969, 634.3472747802734, 101.13240051269531, 643.3199157714844], "ClipBounds": [95.42399597167969, 634.3472747802734, 101.13240051269531, 643.3199157714844], "Font": {"alt_family_name": "Symbol", "embedded": true, "encoding": "Identity-H", "family_name": "Symbol MT", "font_type": "CIDFontType2", "italic": false, "monospaced": false, "name": "SymbolMT", "subset": false, "weight": 400}, "HasClip": true, "ObjectID": 467, "Page": 1, "Path": "//Document/Sect[12]/L/LI/Lbl", "Text": "\u2022 ", "TextSize": 8.039993286132812}, {"Bounds": [113.41999816894531, 625.2353210449219, 457.4484558105469, 642.1782379150391], "ClipBounds": [113.41999816894531, 625.2353210449219, 457.4484558105469, 642.1782379150391], "Font": {"alt_family_name": "Georgia", "embedded": true, "encoding": "WinAnsiEncoding", "family_name": "Georgia", "font_type": "TrueType", "italic": false, "monospaced": false, "name": "BCDEEE+Georgia", "subset": true, "weight": 400}, "HasClip": true, "ObjectID": 468, "Page": 1, "Path": "//Document/Sect[12]/L/LI/LBody", "Text": "Placement coordinator at Training and Placement cell which entails managing placement drives , contacting companies and inviting them on campus ", "TextSize": 8.039993286132812}, {"Bounds": [473.5, 644.1953125, 527.6665649414062, 652.0182342529297], "ClipBounds": [473.5, 644.1953125, 527.6665649414062, 652.0182342529297], "Font": {"alt_family_name": "Georgia", "embedded": true, "encoding": "WinAnsiEncoding", "family_name": "Georgia", "font_type": "TrueType", "italic": false, "monospaced": false, "name": "BCDEEE+Georgia", "subset": true, "weight": 400}, "HasClip": true, "Lang": "en", "ObjectID": 469, "Page": 1, "Path": "//Document/Sect[12]/P[2]", "Text": "Dec\u201922-tilldate ", "TextSize": 8.039993286132812, "attributes": {"LineHeight": 9.625, "TextAlign": "End"}}, {"Bounds": [72.02400207519531, 596.5553131103516, 179.2534637451172, 604.3782348632812], "ClipBounds": [72.02400207519531, 596.5553131103516, 179.2534637451172, 604.3782348632812], "Font": {"alt_family_name": "Georgia", "embedded": true, "encoding": "WinAnsiEncoding", "family_name": "Georgia", "font_type": "TrueType", "italic": false, "monospaced": false, "name": "BCDFEE+Georgia-Bold", "subset": true, "weight": 700}, "HasClip": true, "Lang": "en", "ObjectID": 470, "Page": 1, "Path": "//Document/Sect[13]/H1", "Text": "Extracurricular Activities ", "TextSize": 8.039993286132812}, {"Bounds": [77.42399597167969, 575.6753234863281, 207.3592529296875, 583.4982452392578], "ClipBounds": [77.42399597167969, 575.6753234863281, 207.3592529296875, 583.4982452392578], "Font": {"alt_family_name": "Georgia", "embedded": true, "encoding": "WinAnsiEncoding", "family_name": "Georgia", "font_type": "TrueType", "italic": false, "monospaced": false, "name": "BCDEEE+Georgia", "subset": true, "weight": 400}, "HasClip": true, "Lang": "en", "ObjectID": 471, "Page": 1, "Path": "//Document/Sect[13]/P", "Text": "CodeFostor club coding competition ", "TextSize": 8.039993286132812}, {"Bounds": [95.42399597167969, 565.9472808837891, 101.13240051269531, 574.919921875], "ClipBounds": [95.42399597167969, 565.9472808837891, 101.13240051269531, 574.919921875], "Font": {"alt_family_name": "Symbol", "embedded": true, "encoding": "Identity-H", "family_name": "Symbol MT", "font_type": "CIDFontType2", "italic": false, "monospaced": false, "name": "SymbolMT", "subset": false, "weight": 400}, "HasClip": true, "ObjectID": 472, "Page": 1, "Path": "//Document/Sect[13]/L/LI/Lbl", "Text": "\u2022 ", "TextSize": 8.039993286132812}, {"Bounds": [113.41999816894531, 565.955322265625, 172.94102478027344, 573.7782440185547], "ClipBounds": [113.41999816894531, 565.955322265625, 172.94102478027344, 573.7782440185547], "Font": {"alt_family_name": "Georgia", "embedded": true, "encoding": "WinAnsiEncoding", "family_name": "Georgia", "font_type": "TrueType", "italic": false, "monospaced": false, "name": "BCDEEE+Georgia", "subset": true, "weight": 400}, "HasClip": true, "ObjectID": 473, "Page": 1, "Path": "//Document/Sect[13]/L/LI/LBody", "Text": "Secured 24 rank ", "TextSize": 8.039993286132812}, {"Bounds": [95.42399597167969, 556.1072845458984, 101.13240051269531, 565.0799255371094], "ClipBounds": [95.42399597167969, 556.1072845458984, 101.13240051269531, 565.0799255371094], "Font": {"alt_family_name": "Symbol", "embedded": true, "encoding": "Identity-H", "family_name": "Symbol MT", "font_type": "CIDFontType2", "italic": false, "monospaced": false, "name": "SymbolMT", "subset": false, "weight": 400}, "HasClip": true, "ObjectID": 474, "Page": 1, "Path": "//Document/Sect[13]/L/LI[2]/Lbl", "Text": "\u2022 ", "TextSize": 8.039993286132812}, {"Bounds": [113.41999816894531, 556.1153259277344, 244.4099578857422, 563.938232421875], "ClipBounds": [113.41999816894531, 556.1153259277344, 244.4099578857422, 563.938232421875], "Font": {"alt_family_name": "Georgia", "embedded": true, "encoding": "WinAnsiEncoding", "family_name": "Georgia", "font_type": "TrueType", "italic": false, "monospaced": false, "name": "BCDEEE+Georgia", "subset": true, "weight": 400}, "HasClip": true, "ObjectID": 475, "Page": 1, "Path": "//Document/Sect[13]/L/LI[2]/LBody", "Text": "Open to all students at sgsits, Indore ", "TextSize": 8.039993286132812}], "pages": [{"boxes": {"CropBox": [0.0, 0.0, 612.0, 792.0], "MediaBox": [0.0, 0.0, 612.0, 792.0]}, "height": 792.0, "is_scanned": false, "page_number": 0, "rotation": 0, "width": 612.0}, {"boxes": {"CropBox": [0.0, 0.0, 612.0, 792.0], "MediaBox": [0.0, 0.0, 612.0, 792.0]}, "height": 792.0, "is_scanned": false, "page_number": 1, "rotation": 0, "width": 612.0}]}